0,0,0,0,0,0,0,0,0,0,0,0,0,0,0,0,0,0,0,0,0,0,0,0,0,0,0,0,0,0,0,0,0,0,0,0,0,0,0,0,0,0,0,0,0,0,0,0,0,0,0,0,0,0,0,0,0,0,0,0,0,0,0,0,0,0,0,0,0,0,0,0,0,0,0,0,0,0,0,0,0,0,0,0,0,0,0,0,0,0,0,0,0,0,0,0,0,0,0,0,0,0,0,0,0,0,0,0,0,0,0,0,0,0,0,0,0,0,0,0,0,0,0,0,0,0,0,0,0,0,0,0,0,0,0,0,0,0,0,0,0,0,0,0,0
0,0,0,0,0,0,0,0,0,0,0,0,0,0,0,0,0,0,0,0,0,0,0,0,0,0,0,0,0,0,0,0,0,0,0,0,0,0,0,0,0,0,0,0,0,0,0,0,0,0,0,0,0,0,0,0,0,0,0,0,0,0,0,0,0,0,0,0,0,0,0,0,0,0,0,0,0,0,0,0,0,0,23025,0,0,0,0,0,0,0,0,0,0,0,0,0,0,0,0,0,0,0,0,0,0,0,0,0,0,0,0,0,0,0,0,0,0,0,0,0,0,0,0,0,0,0,0,0,0,0,0,0,0,0,0,0,0,0,0,0,0,0,0,0,0
0,0,0,0,0,0,0,0,0,0,0,0,0,0,0,0,0,0,0,0,0,0,0,0,0,0,0,23538,0,0,0,0,0,0,0,0,0,0,0,0,0,0,0,0,0,0,0,0,0,0,0,0,0,0,0,0,0,0,0,0,0,0,0,0,0,0,0,0,0,0,0,0,0,0,0,0,0,0,0,0,0,0,0,0,0,0,0,0,0,0,0,0,0,0,0,0,0,0,0,0,0,0,0,0,0,0,0,0,0,0,0,0,0,0,0,0,0,0,0,0,0,0,0,0,0,0,0,0,0,0,0,0,0,0,0,0,0,0,0,0,0,0,0,0,0
96450,0,0,0,97484,1.494e+05,1.1929e+06,7.3279e+06,89233,76598,0,58037,1.464e+05,2.5049e+06,0,1.1249e+05,0,1.8319e+05,2.4165e+05,47656,1.7793e+06,4.2505e+05,97001,0,0,1.8398e+05,1.6857e+05,1.1678e+07,84257,6.9394e+05,29940,3.358e+06,2.3832e+05,1.0277e+05,1.9435e+06,0,2.7307e+05,4.1402e+05,0,6.5141e+06,1.2713e+05,44589,0,3.762e+05,0,6.6462e+05,2.3069e+05,8.2628e+05,1.2299e+06,9442.5,1.9019e+05,1.3641e+05,89851,0,3.0082e+06,91470,0,67234,1.9222e+05,4.4079e+06,3.4227e+06,3.3478e+05,1.5285e+06,1.3529e+05,58919,4.4628e+05,1.3057e+05,5.4741e+05,3.4846e+05,6.8111e+05,89531,6.6211e+05,6.0917e+06,2.8437e+05,44592,27889,3.6761e+05,0,1.8312e+06,3.8e+06,3.4663e+05,0,4.0193e+07,5.2856e+06,1.9168e+05,3.4717e+06,1.7168e+06,2.7056e+05,4.2554e+05,75733,0,1.259e+05,1.4712e+05,1.2794e+06,46544,0,2.254e+05,2.3161e+05,2.4622e+06,3.1776e+05,3.488e+05,1.0784e+05,5.4968e+05,1.0562e+05,1.8827e+05,55063,1.6536e+05,0,4.9048e+05,9.6409e+05,3.8682e+05,5.4155e+05,61478,0,0,1.3513e+05,3.6533e+06,39054,1.4764e+05,90625,4.5845e+06,2.1093e+05,5.0456e+06,1.1123e+05,2.3673e+05,0,57680,0,9.0343e+06,4.9559e+05,55216,3.0892e+05,0,78961,33538,0,6.3889e+06,38878,1.075e+05,0,5.4518e+06,5.3574e+06,38829,3.0301e+05,1.5528e+06
0,0,0,52808,0,0,9576.7,0,0,0,0,0,0,0,0,0,0,0,0,0,14284,0,0,0,0,0,0,93747,0,5570.9,0,0,0,0,15602,0,0,0,0,52294,0,0,0,0,0,0,0,0,9873.5,0,1526.8,0,0,0,0,0,0,0,0,35386,27477,0,12271,0,0,0,0,4394.5,0,0,0,0,48903,2282.9,0,0,0,0,14700,30506,0,0,3.2266e+05,42432,0,27870,13782,0,3416.2,0,0,0,0,10271,0,0,1809.5,0,19766,0,2800.1,865.69,0,0,0,0,0,0,0,0,0,0,0,0,0,0,29328,0,0,0,0,0,40506,0,0,0,0,0,0,0,0,0,0,0,0,0,51289,0,0,0,43767,43009,0,0,0
0,0,0,54976,0,0,0,61242,0,0,0,0,0,0,0,0,0,0,0,0,14870,0,0,0,0,0,0,97595,0,0,0,0,0,0,0,0,0,0,0,0,0,0,0,0,0,0,1928,0,0,0,0,0,0,0,25140,0,0,0,0,0,0,2797.8,0,0,0,0,0,0,2912.2,5692.3,0,0,0,0,0,0,0,0,15304,0,0,0,3.3591e+05,0,0,29014,0,0,0,0,0,0,0,10692,0,0,0,0,0,0,0,0,0,0,0,0,0,0,0,0,0,0,0,0,0,0,30532,0,0,757.39,38315,0,42168,0,0,0,0,0,75503,4141.8,0,0,0,0,0,0,0,0,0,0,0,44774,0,0,0
0,0,0,3.7308e+05,0,0,0,4.1561e+05,0,0,0,0,0,1.4206e+05,8381.9,0,0,0,0,0,1.0091e+05,24107,5501.4,0,0,10434,9560.6,6.623e+05,0,39357,0,1.9045e+05,13516,0,1.1023e+05,0,0,0,0,3.6945e+05,0,0,0,0,0,0,0,46862,69755,0,10787,0,5095.9,0,1.7061e+05,0,0,0,0,2.5e+05,1.9412e+05,18987,86690,0,3341.6,0,7405,0,0,0,0,37551,3.4549e+05,16128,0,0,20849,0,0,2.1552e+05,19659,0,2.2795e+06,2.9977e+05,10871,1.969e+05,0,0,24135,0,0,0,0,72560,0,11402,0,0,1.3964e+05,0,19782,0,0,0,10678,0,0,0,27818,54678,21939,30714,0,2401.7,0,7663.8,2.072e+05,0,0,0,2.6001e+05,0,2.8616e+05,0,13426,0,3271.3,0,5.1238e+05,28107,0,0,18300,0,0,0,3.6235e+05,0,0,0,3.092e+05,3.0385e+05,0,0,88070
0,0,0,5.8183e+06,86224,1.3214e+05,1.0551e+06,0,78925,0,38713,0,1.2949e+05,2.2155e+06,1.3072e+05,99497,0,1.6203e+05,2.1374e+05,42151,1.5738e+06,3.7595e+05,85796,26380,1.0834e+05,1.6272e+05,0,1.0329e+07,74524,6.1378e+05,26482,2.9701e+06,2.1079e+05,90902,1.719e+06,0,2.4152e+05,3.662e+05,13275,5.7617e+06,1.1245e+05,0,75024,3.3274e+05,0,5.8785e+05,2.0404e+05,7.3083e+05,1.0878e+06,0,1.6822e+05,1.2066e+05,79472,84213,2.6607e+06,80904,0,59468,1.7001e+05,3.8988e+06,3.0274e+06,2.961e+05,1.352e+06,1.1966e+05,0,3.9473e+05,1.1548e+05,4.8418e+05,3.0821e+05,6.0244e+05,0,5.8562e+05,5.388e+06,2.5152e+05,39441,0,3.2515e+05,0,1.6196e+06,3.361e+06,3.0659e+05,41340,3.555e+07,4.675e+06,1.6954e+05,3.0707e+06,1.5185e+06,2.3931e+05,3.7639e+05,0,0,1.1136e+05,1.3013e+05,1.1316e+06,0,1.7782e+05,1.9936e+05,2.0485e+05,2.1778e+06,0,3.0851e+05,95380,4.8619e+05,93424,1.6652e+05,0,0,0,4.3382e+05,8.5272e+05,3.4214e+05,4.79e+05,0,37455,0,1.1952e+05,3.2313e+06,0,1.3059e+05,0,4.055e+06,1.8656e+05,4.4628e+06,98381,2.0939e+05,0,51017,0,7.9907e+06,4.3834e+05,48838,2.7324e+05,2.8539e+05,0,29664,26918,5.6509e+06,0,95083,28272,4.8221e+06,4.7386e+06,34344,2.6801e+05,1.3735e+06
0,0,0,0,842.93,0,0,63364,0,0,0,0,0,21659,0,0,0,0,0,0,15385,0,0,0,0,0,0,1.0098e+05,0,6000.4,0,0,0,0,16805,0,0,0,0,56327,0,0,0,0,0,5746.9,0,0,10635,0,0,0,0,0,26011,790.93,0,0,0,0,0,0,0,0,0,0,0,0,0,0,0,0,0,0,0,0,0,0,15834,0,0,0,3.4754e+05,45704,0,0,14845,0,0,0,0,1088.7,0,0,0,0,0,0,0,0,0,0,0,0,0,0,0,0,0,8336.3,0,0,0,0,0,0,31590,0,0,0,39642,0,0,0,0,0,0,0,0,4285.3,0,0,0,0,0,0,55244,0,0,0,47141,46325,0,0,0
0,0,0,63071,0,0,11438,70260,0,0,0,0,0,0,0,0,0,0,0,0,0,0,0,0,0,0,0,1.1197e+05,0,0,0,0,0,0,0,0,0,0,0,0,0,0,0,0,0,6372.4,0,0,11792,0,0,0,0,0,0,0,0,0,0,42263,32817,3209.8,0,0,0,0,0,5248.5,0,6530.5,0,6348.2,58407,0,0,0,0,0,17557,36434,0,0,3.8537e+05,0,0,33287,0,0,0,0,0,0,0,0,0,0,0,0,23608,3046.7,0,0,0,0,0,0,0,0,0,0,0,0,0,0,0,0,35028,0,0,0,43956,0,48377,0,0,0,0,0,0,0,0,0,0,0,0,0,61256,0,0,0,52272,0,0,2905.2,14889
1174.3,0,0,80089,0,0,0,89218,0,0,0,0,0,30497,0,0,0,0,2942.1,0,21663,0,0,0,0,2239.9,0,0,0,0,0,0,0,0,0,0,0,0,0,79310,1547.8,0,0,4580.2,0,8091.8,0,0,14974,0,0,0,0,0,36625,0,0,0,0,53667,41672,0,18610,0,0,0,0,0,4242.6,8292.6,0,8061.2,0,0,0,0,0,0,0,46265,0,0,4.8935e+05,64352,0,0,0,0,0,0,0,0,0,0,0,0,0,0,29978,3868.8,0,0,0,0,0,0,0,0,0,0,0,0,0,0,0,0,44480,0,0,0,55817,0,61431,0,0,0,0,0,0,6033.8,0,0,0,0,408.33,0,77785,0,0,0,66377,0,0,0,18906
0,0,0,1.8689e+05,0,0,33892,2.0819e+05,0,0,1243.5,0,0,71164,0,0,0,0,0,0,50550,12076,0,0,0,0,0,3.3177e+05,0,19715,0,95403,0,2919.9,55216,0,0,0,0,1.8507e+05,3611.8,0,0,10688,0,0,0,0,0,0,0,0,0,0,0,0,0,0,0,1.2523e+05,97242,0,43426,0,1673.9,0,0,0,0,19351,0,18811,1.7307e+05,0,0,0,10444,0,52025,1.0796e+05,0,0,1.1419e+06,1.5017e+05,0,98633,0,0,0,0,0,0,4179.8,36348,0,0,0,0,69953,0,0,0,0,3000.9,0,0,0,0,0,27390,0,15386,0,0,0,0,0,0,0,0,1.3025e+05,0,1.4335e+05,0,6725.7,0,0,0,0,0,0,0,0,0,0,0,1.8151e+05,0,0,0,1.5489e+05,1.5221e+05,0,0,0
0,0,0,95741,0,0,17363,1.0665e+05,0,0,0,0,0,36457,0,0,0,2666.2,0,0,0,0,0,0,0,0,0,1.6996e+05,0,10100,0,48874,0,0,0,0,0,0,0,94810,0,0,0,0,0,9673.2,0,12026,0,0,0,0,0,0,43783,0,0,0,0,64155,49817,4872.5,0,0,0,0,1900.3,7967.3,0,9913.3,0,9636.6,88661,0,0,0,0,0,0,55307,0,0,5.8499e+05,0,0,50529,24987,0,6193.6,0,0,0,0,0,0,0,0,3370.9,0,0,5076.6,0,0,0,0,0,0,0,0,14032,0,0,0,0,0,1966.7,53173,0,0,0,66726,0,73437,0,0,0,0,929.55,1.3149e+05,0,0,0,0,0,0,0,92987,0,0,0,79349,0,0,0,22601
0,0,0,1.2244e+06,0,0,2.2205e+05,1.364e+06,0,14258,8146.9,10803,0,0,0,20939,0,0,44979,0,3.3119e+05,79116,18055,0,0,34244,31377,2.1736e+06,15683,1.2917e+05,0,6.2504e+05,44359,0,3.6176e+05,0,50827,77064,0,1.2125e+06,0,8299.5,0,70023,0,1.2371e+05,42940,1.538e+05,2.2893e+05,0,0,25392,0,0,5.5993e+05,17026,0,0,35778,8.2047e+05,6.3709e+05,62313,2.8451e+05,0,0,83069,0,1.0189e+05,64861,1.2678e+05,0,1.2324e+05,1.1339e+06,52931,0,0,68426,0,3.4085e+05,7.0731e+05,64520,8699.7,7.4813e+06,9.8383e+05,0,6.4621e+05,3.1956e+05,50361,79208,0,0,23435,0,2.3814e+05,0,37422,41955,43110,4.583e+05,59147,64924,0,1.0232e+05,19661,35044,10249,30780,0,0,1.7945e+05,0,1.008e+05,11443,0,11773,25152,6.8001e+05,0,0,0,8.5334e+05,0,9.3917e+05,0,44064,17276,0,0,1.6816e+06,92246,0,57501,60059,14697,0,0,1.1892e+06,0,0,0,1.0148e+06,9.9721e+05,0,56401,2.8904e+05
0,0,0,0,0,0,0,0,0,0,0,0,0,0,0,0,0,0,0,0,0,0,0,0,0,0,0,61112,0,0,0,17573,0,0,0,0,0,0,0,0,0,0,0,0,0,0,0,0,6436.4,0,0,0,0,0,0,0,0,0,0,0,0,0,7999,0,0,0,0,0,0,3564.4,0,0,31879,0,0,0,1923.8,0,9582.9,0,0,0,2.1034e+05,27660,0,0,0,0,0,0,0,0,0,6695.2,0,0,0,0,12885,0,0,0,0,0,0,0,0,0,0,0,0,0,0,0,0,0,0,0,0,0,0,0,0,0,0,0,0,0,0,0,288.95,0,0,0,0,0,0,0,0,0,28531,0,0,0,0
0,0,0,45811,0,0,0,0,0,0,0,0,0,0,0,0,0,0,1682.9,0,12391,0,0,0,0,0,0,0,0,0,0,23385,0,0,13535,0,0,0,0,45365,0,0,0,0,0,0,0,0,0,0,0,0,0,0,20949,0,0,0,0,30697,23836,0,10645,0,0,0,0,0,0,4743.4,0,0,42423,0,0,0,0,0,12753,26464,0,0,2.7991e+05,36809,0,24177,11956,0,2963.5,0,0,876.8,0,8909.7,0,0,0,0,17147,0,0,0,0,0,0,0,0,0,0,0,0,3771.4,0,0,0,0,0,0,0,0,0,0,35138,0,0,0,0,0,62916,3451.3,0,0,0,0,0,0,44493,0,0,0,37967,0,0,0,10814
0,0,0,0,0,0,0,0,0,0,0,0,0,0,0,0,0,0,0,0,0,0,0,0,0,0,0,0,0,0,0,0,0,0,0,0,0,0,0,7289.6,0,0,0,0,0,0,0,924.65,0,0,0,0,0,0,0,0,0,0,0,0,0,0,0,0,0,0,0,0,0,0,0,0,0,0,0,0,0,0,0,0,0,0,44978,0,0,3885,0,0,0,0,0,0,0,1431.7,0,0,0,0,0,0,0,0,0,0,0,0,0,0,0,0,0,0,0,0,0,0,0,0,0,0,0,0,0,0,0,0,0,0,10110,0,0,0,0,0,0,0,0,0,0,0,0,0,0,0,0
0,0,0,99123,0,0,17976,1.1042e+05,0,0,0,0,0,37745,0,0,0,0,3641.3,0,0,0,0,0,0,0,0,1.7597e+05,0,0,0,50600,0,0,0,0,0,0,0,98159,0,0,0,5668.7,0,0,0,0,18533,0,0,0,0,0,0,0,0,0,0,66421,51576,0,0,2038.6,887.82,6724.9,0,0,0,0,0,0,91793,0,0,0,5539.4,0,27593,57261,0,0,6.0565e+05,79646,0,52314,0,0,6412.3,0,0,0,0,0,0,0,0,0,37102,0,0,0,8283,1591.6,0,0,0,0,7390.8,0,0,8160.4,0,0,0,0,55051,0,0,0,69082,3178.4,76031,0,0,0,0,0,1.3613e+05,0,0,0,4862.1,1189.8,0,0,96271,0,0,0,82152,80729,0,0,23399
1750.6,0,0,1.1939e+05,0,0,0,0,0,0,0,0,0,45463,0,0,0,0,0,0,32294,0,0,0,2223.2,0,0,2.1195e+05,0,0,0,60948,0,0,35275,0,0,0,0,1.1823e+05,0,0,0,0,0,0,0,0,22323,0,3451.9,0,0,0,54599,0,0,0,0,80004,0,0,27743,2455.5,0,0,0,0,6324.6,0,0,12017,1.1056e+05,0,0,0,0,0,33236,68970,0,0,7.295e+05,95933,0,63012,0,4910.7,0,0,0,0,0,0,0,0,0,0,44689,0,0,0,0,0,0,0,0,0,8902.2,17498,7020.9,0,0,0,0,0,66308,0,0,0,0,0,91578,0,4296.7,0,0,0,1.6397e+05,8994.9,0,5607,0,0,0,0,1.1596e+05,0,0,0,98951,97238,0,0,28184
831.19,0,0,56689,840.11,0,10281,63151,0,0,0,0,0,0,0,0,0,0,0,0,0,0,0,0,0,0,0,1.0064e+05,0,5980.3,0,28939,0,0,0,0,0,0,0,56138,0,0,0,0,0,0,0,0,0,0,0,0,0,0,0,0,0,0,0,0,0,0,13173,0,0,0,0,0,0,0,0,0,52497,2450.6,0,0,0,0,15781,0,0,0,3.4638e+05,45550,0,0,0,2331.6,3667.3,0,0,0,0,0,0,0,0,0,0,0,0,0,4737.1,0,1622.5,0,0,0,4226.9,0,0,4667,0,0,0,0,31484,0,1272.4,0,0,1817.8,0,0,0,0,0,0,77856,0,0,0,0,0,0,0,0,0,0,0,0,46170,0,0,0
2737.4,0,0,1.867e+05,0,0,33858,2.0798e+05,0,0,0,0,4155.1,71093,0,0,0,5199.3,0,0,0,0,2753.1,0,0,0,0,3.3144e+05,0,19695,0,0,0,0,55161,0,0,0,0,1.8488e+05,3608.2,0,0,0,0,18863,0,23451,0,0,5397.9,0,0,2702.3,85378,0,2500.1,0,5455.5,1.2511e+05,97144,9501.6,43382,0,0,0,0,0,0,19331,2541.1,0,1.7289e+05,0,0,0,10434,0,51972,1.0785e+05,0,0,1.1408e+06,1.5001e+05,0,98534,0,7679,12078,0,0,0,0,0,0,0,0,6573.5,0,0,9899.7,3060.6,0,0,0,0,4693.4,0,0,27363,0,15370,0,0,0,0,1.0369e+05,0,0,0,1.3012e+05,0,0,0,0,0,0,0,2.5641e+05,14066,0,0,0,0,0,0,1.8133e+05,0,0,0,1.5473e+05,1.5205e+05,0,8600,0
0,0,0,2.1915e+05,0,0,0,2.4413e+05,0,0,0,0,0,83450,0,0,0,6103,8050.6,0,0,0,0,0,0,0,0,3.8905e+05,2807,0,0,1.1187e+05,0,0,64749,0,0,13793,0,2.1702e+05,0,0,0,0,0,0,0,0,40975,0,0,0,0,3172,1.0022e+05,0,0,0,0,0,1.1403e+05,0,50923,0,0,14868,0,18237,0,22692,0,0,2.0295e+05,9473.8,0,0,0,0,0,1.266e+05,0,0,1.339e+06,1.7609e+05,6385.9,1.1566e+05,57196,9013.8,0,0,0,0,0,42623,0,6698,0,0,82029,0,0,0,0,0,0,0,5509.2,0,16341,32119,0,18042,0,0,0,0,1.2171e+05,0,0,0,1.5274e+05,0,0,0,0,0,0,0,3.0098e+05,0,0,0,0,0,0,0,2.1285e+05,0,0,0,1.8163e+05,0,0,0,51733
0,0,0,1.8205e+05,0,0,33015,2.028e+05,2469.5,0,0,0,4051.7,0,0,0,0,0,0,0,49242,0,0,0,0,5091.6,0,3.2318e+05,0,0,0,92934,0,0,53787,0,0,0,0,0,0,0,0,10411,0,18394,0,0,34038,0,0,0,0,0,83253,0,0,0,5319.6,1.2199e+05,94726,0,42302,0,0,0,0,0,9643.9,18850,0,18324,1.6859e+05,0,0,0,0,0,50678,0,0,0,1.1123e+06,1.4628e+05,5304.8,96081,47513,0,11777,0,0,0,0,35407,0,0,0,0,0,0,0,0,0,0,0,0,4576.5,0,13574,26681,0,14988,0,0,0,0,0,0,0,0,1.2688e+05,0,1.3964e+05,0,6551.7,0,0,0,2.5003e+05,13715,0,8549.6,8929.9,0,0,0,1.7681e+05,0,0,0,1.5088e+05,1.4827e+05,0,0,42975
0,0,0,0,0,0,0,0,0,0,0,0,0,0,0,0,0,0,0,0,0,0,0,0,0,0,0,0,0,0,0,0,0,0,0,0,0,0,0,0,0,0,0,0,0,0,0,0,0,0,0,0,0,0,0,0,0,0,0,0,0,0,0,0,0,0,0,0,0,0,0,0,0,0,0,0,0,0,0,0,0,0,0,0,0,0,0,0,0,0,0,0,0,0,0,0,0,0,0,0,0,0,0,0,0,0,0,0,0,0,0,0,0,0,0,0,0,0,0,0,0,0,0,0,0,0,0,0,0,0,0,0,0,0,0,0,0,0,0,0,0,0,0,0,0
0,0,0,3.2448e+05,0,7369.5,58844,3.6146e+05,0,0,2159,0,0,1.2356e+05,7290,5548.8,0,0,0,0,87766,20966,0,0,0,9074.9,8315.1,5.7602e+05,0,34230,0,1.6564e+05,0,0,95867,0,13469,0,0,3.2132e+05,0,0,0,0,0,32784,0,40758,60667,0,0,0,0,0,1.4838e+05,0,0,0,9481.4,2.1743e+05,1.6883e+05,16513,75397,6673.4,0,0,0,27002,17189,33597,0,32659,3.0048e+05,14027,0,0,0,0,90326,1.8744e+05,17098,0,1.9826e+06,0,0,1.7125e+05,84684,0,0,0,0,0,7257,0,0,0,0,11424,1.2145e+05,15674,0,5319.2,0,0,0,0,0,0,24194,47555,19081,26713,0,0,0,0,1.8021e+05,0,0,0,2.2614e+05,10404,2.4888e+05,0,11677,0,0,3150.3,4.4563e+05,24446,0,0,0,0,0,0,3.1514e+05,0,0,0,2.6892e+05,2.6426e+05,0,14946,76597
0,0,0,0,0,0,3363.5,0,0,0,0,0,0,0,0,0,0,0,0,0,0,0,0,0,0,0,0,32926,0,0,0,0,0,0,5479.8,0,0,0,0,18367,0,0,0,0,0,0,0,2329.7,0,0,0,0,0,0,8481.7,0,0,0,0,0,0,0,0,0,0,0,0,0,0,0,0,0,0,0,0,0,0,0,0,0,0,0,1.1332e+05,0,0,9788.6,0,0,0,0,0,0,0,0,0,0,0,0,6942.3,0,0,0,0,0,0,0,0,0,0,0,0,0,0,0,0,0,0,0,0,0,0,0,0,0,0,0,0,0,0,0,155.68,0,0,0,0,0,18014,0,0,0,0,0,0,0,0
0,0,0,0,0,0,0,0,0,0,0,0,0,0,0,0,0,0,0,0,0,0,0,0,0,0,0,0,0,0,0,0,0,0,7080.1,0,0,0,0,23731,0,0,0,0,0,0,0,0,0,0,0,0,0,0,0,0,0,0,0,16058,0,0,0,0,0,0,0,0,1269.4,0,0,0,22192,0,0,0,0,0,0,0,1262.8,0,1.4642e+05,19255,0,0,0,0,0,0,0,0,0,0,0,0,0,0,0,0,0,0,2002.5,0,0,0,0,0,0,0,0,0,0,0,0,0,0,0,0,0,0,0,0,0,0,0,0,0,32911,0,0,0,0,0,0,0,0,0,0,0,0,0,0,0,0
0,7351.7,0,3.2046e+06,0,72783,5.8116e+05,3.5699e+06,43471,37316,21322,28273,71321,1.2203e+06,71997,0,0,0,1.1772e+05,0,8.668e+05,2.0707e+05,47255,0,0,89626,82122,0,0,0,0,1.6359e+06,0,50068,9.4681e+05,0,1.3303e+05,2.017e+05,0,3.1734e+06,61933,0,0,1.8327e+05,0,3.2378e+05,1.1238e+05,0,5.9917e+05,0,92652,0,0,46383,1.4655e+06,0,0,0,93640,2.1474e+06,1.6674e+06,1.6309e+05,7.4463e+05,65908,0,2.1741e+05,63607,2.6668e+05,1.6976e+05,3.3181e+05,43616,3.2255e+05,2.9676e+06,1.3853e+05,0,0,1.7909e+05,35406,8.9208e+05,1.8512e+06,1.6887e+05,0,1.958e+07,2.5749e+06,93379,1.6913e+06,8.3636e+05,1.3181e+05,2.0731e+05,36894,28016,61335,71672,6.2326e+05,22674,97943,1.0981e+05,1.1283e+05,1.1995e+06,1.548e+05,1.6992e+05,52534,2.6779e+05,0,91719,0,0,0,2.3894e+05,0,1.8845e+05,2.6382e+05,0,0,0,65829,1.7798e+06,0,71925,44149,2.2334e+06,1.0276e+05,2.458e+06,54187,1.1533e+05,45217,28099,0,4.4012e+06,2.4143e+05,26899,0,1.5719e+05,38467,16339,0,3.1124e+06,18940,52370,0,2.6559e+06,2.6099e+06,18916,1.4762e+05,7.5649e+05
0,0,0,27150,0,0,0,30245,0,0,0,0,0,0,0,0,0,0,0,0,0,0,0,0,0,0,0,48198,0,0,0,0,0,0,0,0,0,0,0,26886,0,0,0,0,0,0,0,3410.3,0,0,0,0,0,0,0,0,0,0,0,18193,0,0,6308.7,0,0,0,0,0,0,0,0,0,0,0,0,0,0,0,0,0,0,0,1.6589e+05,21815,791.13,0,7085.9,0,0,0,0,0,0,5280.4,0,829.8,0,0,0,0,0,0,0,0,0,0,0,0,2024.4,0,0,0,0,0,0,0,15079,0,0,0,0,0,20825,0,0,0,0,0,37288,0,0,0,0,0,0,0,26369,0,0,0,22502,22112,0,0,0
0,0,0,7.8394e+05,0,17805,1.4217e+05,8.733e+05,10634,0,0,6916.4,17447,2.9851e+05,0,13406,0,0,28798,0,2.1204e+05,50655,0,0,14598,21925,20089,1.3917e+06,0,0,0,4.0019e+05,28401,0,2.3162e+05,0,32542,49341,0,7.7631e+05,15151,0,0,44833,6853.2,79205,27492,98471,1.4657e+05,0,22665,0,0,11347,3.585e+05,0,0,0,0,5.2531e+05,4.079e+05,39896,1.8216e+05,0,7021.6,53186,0,65237,41528,81171,0,78906,7.2597e+05,33889,0,0,43810,0,2.1823e+05,4.5286e+05,0,0,4.7899e+06,6.299e+05,0,4.1374e+05,2.046e+05,32244,50713,9025.4,0,15004,0,1.5247e+05,0,23960,26862,0,2.9343e+05,37869,41568,0,65508,0,0,0,19707,0,58452,1.1489e+05,46099,64539,0,0,0,16104,4.3538e+05,4654.2,0,0,5.4636e+05,25137,6.0131e+05,0,0,0,0,7611.2,1.0766e+06,59061,6580.3,36816,38453,9410.1,0,0,7.6139e+05,0,12811,0,6.4972e+05,6.3847e+05,0,36111,1.8506e+05
0,0,0,0,0,0,0,0,0,0,0,0,0,0,0,0,0,0,0,0,0,0,0,0,0,0,0,0,0,0,0,0,0,0,0,0,0,0,0,0,0,0,0,0,0,0,0,0,0,0,0,0,0,0,0,0,0,0,0,0,0,0,0,0,0,0,0,0,0,0,0,0,0,0,0,0,0,0,0,0,0,0,0,0,0,0,0,0,0,0,0,0,0,0,0,0,0,0,0,0,0,0,0,0,0,0,0,0,0,0,0,0,0,0,0,0,0,0,0,0,0,0,0,0,0,0,0,0,0,0,0,0,0,0,0,0,0,0,0,0,0,0,0,0,0
0,0,0,8.0961e+05,0,0,1.4682e+05,9.0189e+05,10982,0,0,0,18018,3.0829e+05,0,0,0,22546,29741,5865.3,2.1899e+05,0,0,0,0,0,0,1.4372e+06,0,85407,0,0,0,0,2.392e+05,0,33608,50956,0,8.0173e+05,0,0,10439,46300,0,81799,28393,1.0169e+05,1.5137e+05,0,0,0,0,11718,3.7023e+05,11258,0,0,0,5.4251e+05,4.2126e+05,41203,1.8812e+05,16651,7251.4,0,16069,67373,42887,83829,11019,81489,7.4974e+05,0,0,0,45244,0,2.2537e+05,4.6769e+05,42662,0,4.9468e+06,6.5052e+05,0,4.2728e+05,2.113e+05,33299,52374,0,0,15496,0,1.5746e+05,0,24744,0,0,3.0304e+05,39109,42929,0,67653,0,0,0,0,0,60366,1.1866e+05,0,66652,0,0,0,0,4.4964e+05,0,0,0,5.6424e+05,25960,6.2099e+05,13690,29136,0,0,7860.4,1.1119e+06,60994,0,38021,39712,0,0,0,7.8631e+05,0,0,0,6.7099e+05,6.5937e+05,0,37293,1.9112e+05
0,0,0,0,0,0,16617,1.0207e+05,0,0,609.66,0,0,34890,0,0,0,0,0,0,24784,0,0,0,0,0,0,1.6266e+05,0,0,0,46774,0,0,0,0,3803.5,5766.9,0,90736,0,0,0,0,0,0,0,11509,0,0,0,0,0,0,0,0,0,0,0,0,47676,0,21291,0,0,0,0,0,0,0,0,0,84851,0,0,0,5120.5,0,0,52930,0,0,5.5985e+05,0,2669.9,0,23913,0,0,0,0,0,2049.3,0,0,0,0,3226.1,34296,0,0,0,0,0,0,0,0,0,0,13429,0,0,0,0,0,0,0,0,0,0,63858,0,70281,0,0,0,0,0,1.2584e+05,0,0,0,4494.4,0,0,0,88991,0,1497.4,0,75939,74624,0,0,21630
0,0,0,0,0,0,16587,0,0,0,0,0,2035.6,34828,0,0,0,0,0,0,0,0,0,0,0,2558,0,1.6237e+05,0,0,0,46690,3313.6,0,27023,0,0,5756.6,0,90572,0,0,0,5230.6,0,0,0,11489,0,0,0,0,0,0,41826,0,0,0,0,61288,47590,0,21252,0,0,0,1815.4,0,0,9470.2,0,0,84699,0,0,0,0,0,0,52835,0,0,5.5884e+05,73491,0,48271,0,0,0,0,0,0,0,17788,0,0,3134,0,34235,4418.2,4849.7,0,7642.8,0,0,765.6,0,0,0,13405,5378.4,7529.7,0,0,0,0,0,0,0,0,63743,0,70154,0,0,0,0,0,1.2561e+05,6890.6,0,0,0,0,0,0,88831,0,0,0,75802,74490,0,0,21591
0,0,0,1.947e+06,0,44220,3.5309e+05,2.1689e+06,26411,22672,0,0,0,7.4139e+05,43743,33295,0,0,71524,0,5.2663e+05,1.2581e+05,28711,0,36255,54454,49894,3.4564e+06,0,2.0539e+05,8861.7,9.9391e+05,0,0,0,0,0,1.2254e+05,0,1.9281e+06,37628,0,0,1.1135e+05,0,1.9672e+05,68281,2.4456e+05,0,0,56292,40376,0,0,8.9037e+05,27073,26072,0,56892,1.3047e+06,1.0131e+06,99087,0,40043,0,1.3209e+05,38645,1.6202e+05,1.0314e+05,2.016e+05,0,1.9597e+05,1.803e+06,84167,0,0,0,0,5.4199e+05,1.1247e+06,0,0,1.1896e+07,1.5644e+06,0,1.0276e+06,5.0814e+05,80081,1.2595e+05,0,17021,37265,0,3.7867e+05,0,59507,66715,68551,7.2877e+05,94052,1.0324e+05,31918,1.627e+05,0,0,0,48945,21573,1.4517e+05,2.8535e+05,1.1449e+05,1.6029e+05,18196,0,0,0,1.0813e+06,11559,43699,0,1.3569e+06,62431,1.4934e+06,0,70069,27472,17072,0,2.674e+06,1.4668e+05,16343,91436,95503,23371,0,9007.9,1.891e+06,0,31818,0,1.6136e+06,1.5857e+06,0,89685,4.5961e+05
0,0,0,82071,0,0,0,91426,0,0,0,0,0,31252,0,0,0,0,0,0,0,0,0,0,0,2295.4,0,1.457e+05,0,0,0,41896,0,0,0,0,3406.9,0,0,81273,0,0,0,0,0,8292.1,0,0,15345,0,0,0,0,0,0,0,0,0,0,0,42704,0,19070,0,0,0,0,6829.7,0,0,0,0,76002,0,0,0,0,0,0,0,0,0,5.0146e+05,65945,2391.5,43315,21420,0,0,0,0,0,0,0,0,0,2812.2,0,0,0,0,0,0,0,0,0,0,0,0,0,0,6756.6,0,0,0,0,0,0,0,0,57199,0,62951,0,0,0,0,0,1.1272e+05,0,0,0,4025.7,0,0,0,0,0,0,0,68019,66842,0,0,0
0,0,0,0,0,0,22564,1.3861e+05,0,0,0,0,0,0,0,0,0,0,0,0,33655,8039.7,0,0,0,0,0,2.2088e+05,0,0,0,63516,0,0,36761,0,0,7831.1,0,1.2321e+05,0,0,0,0,0,12571,0,0,0,0,0,0,0,0,56899,0,0,0,0,83375,64741,6332.2,28912,0,0,8441.4,0,10354,0,12883,1693.5,12524,1.1522e+05,0,0,0,0,0,0,71876,0,0,7.6024e+05,99975,0,0,0,0,0,0,0,0,0,0,0,0,0,0,46572,0,0,0,0,0,0,1041.5,0,0,9277.3,0,0,0,0,0,0,0,0,0,0,0,86715,0,95437,0,0,0,0,0,0,9373.9,0,0,0,0,0,575.65,1.2084e+05,0,0,0,1.0312e+05,1.0133e+05,0,0,29372
0,0,0,75895,0,0,13764,84546,0,0,0,0,0,0,0,0,0,0,2788,0,20529,0,0,0,0,0,0,1.3473e+05,0,0,0,38743,0,0,22423,0,0,0,0,0,0,0,0,0,0,0,0,0,14190,0,0,1573.9,0,0,34707,0,0,0,0,50857,39490,0,17635,0,0,0,0,0,0,0,0,0,70283,0,0,0,0,0,21127,43843,0,0,0,0,2211.5,40055,0,0,4909.7,0,0,0,0,0,0,0,0,2672.2,0,0,0,0,0,0,0,0,0,0,0,0,0,6248.2,0,0,0,0,42151,0,0,0,52894,0,58214,0,0,0,0,0,0,5717.8,0,3564.2,0,0,0,0,0,0,0,0,62901,0,0,3496,0
0,0,0,0,0,0,0,0,0,0,0,0,0,0,0,0,0,0,0,0,0,0,0,0,0,0,0,0,0,0,0,0,0,0,1935.4,0,0,0,0,0,0,0,0,0,0,0,0,0,0,0,0,0,0,0,0,0,0,0,0,0,0,0,0,0,0,0,0,0,0,0,0,0,6066.2,0,0,0,0,0,0,0,0,0,0,0,0,0,0,0,0,0,0,0,0,0,0,0,0,0,0,0,0,0,0,0,0,0,0,0,0,0,0,0,0,0,0,0,0,0,0,0,0,0,0,0,0,0,0,0,0,0,0,0,0,0,0,0,0,0,0,0,0,0,0,0,0
58338,0,0,3.9788e+06,58963,90366,7.2155e+05,4.4323e+06,53973,46330,26474,35103,88550,1.5151e+06,89391,0,0,1.108e+05,1.4616e+05,28825,1.0762e+06,2.5709e+05,58671,0,74088,0,1.0196e+05,7.0633e+06,50963,4.1973e+05,0,2.0311e+06,1.4415e+05,62163,1.1755e+06,0,1.6516e+05,2.5042e+05,0,0,76895,0,51304,2.2754e+05,34782,4.02e+05,1.3953e+05,4.9977e+05,7.4391e+05,0,1.1504e+05,82510,54347,57589,1.8195e+06,0,53279,0,1.1626e+05,2.6661e+06,2.0703e+06,2.0249e+05,9.2452e+05,81830,35637,2.6994e+05,78973,3.311e+05,2.1077e+05,4.1197e+05,0,4.0047e+05,3.6846e+06,1.72e+05,26972,16869,2.2235e+05,43959,1.1076e+06,2.2984e+06,0,0,2.4311e+07,3.197e+06,0,2.0999e+06,1.0384e+06,1.6365e+05,2.5739e+05,45807,34784,76152,88986,7.7383e+05,0,1.216e+05,1.3633e+05,0,1.4893e+06,1.922e+05,2.1097e+05,65225,3.3248e+05,63887,1.1388e+05,0,1.0002e+05,0,2.9667e+05,5.8313e+05,2.3397e+05,3.2756e+05,37185,0,38255,81732,2.2097e+06,0,0,0,2.773e+06,0,3.0519e+06,67277,1.4319e+05,0,34888,38630,5.4644e+06,2.9976e+05,33397,1.8685e+05,1.9516e+05,47760,20286,0,3.8643e+06,23515,65022,0,3.2976e+06,3.2405e+06,0,1.8328e+05,9.3924e+05
0,0,0,0,0,0,8480.4,0,0,0,0,0,0,0,0,0,0,0,0,0,12649,0,0,0,0,0,0,0,0,0,0,23872,0,0,13816,0,0,0,0,46308,0,0,0,0,0,0,0,0,0,0,1352,0,0,0,21385,0,0,0,0,31335,24332,0,0,0,0,0,0,0,0,0,0,0,43305,0,0,0,0,0,0,0,0,0,2.8573e+05,37574,0,24680,12205,0,0,0,0,0,0,0,0,0,0,0,0,0,0,0,0,0,0,0,0,0,0,0,0,0,0,0,0,0,0,277.63,0,0,32591,0,35869,0,0,0,0,0,64223,0,0,0,0,0,0,0,45418,0,0,0,0,38085,0,0,11039
0,0,0,0,0,0,0,0,0,0,0,0,0,0,0,0,0,0,0,0,0,0,0,0,0,0,0,0,0,0,0,0,0,0,0,0,0,0,0,0,0,0,0,0,0,0,0,0,0,0,0,0,0,0,18130,0,0,0,0,0,0,0,0,0,0,0,0,0,0,0,0,0,0,0,0,0,0,0,0,0,0,0,0,0,0,0,0,0,0,0,0,0,0,0,0,0,0,0,0,0,0,0,0,0,0,0,0,0,0,0,0,0,0,0,0,0,0,0,0,0,0,0,0,0,0,0,0,0,0,0,0,0,0,0,0,0,0,0,0,0,32858,0,0,0,0
0,0,0,0,0,0,0,0,0,0,0,0,0,0,0,0,0,1005.8,0,0,0,0,0,0,0,0,0,64113,0,0,0,0,0,0,0,0,0,0,0,0,0,0,0,0,0,0,0,0,0,0,0,0,0,0,0,0,0,0,0,24200,0,0,0,0,0,0,0,0,0,0,0,0,0,0,0,0,0,0,10054,0,0,0,0,0,0,0,0,0,0,0,0,0,0,7024,0,0,0,0,0,0,0,0,0,0,0,0,0,0,0,0,0,0,0,0,0,0,20058,0,0,0,0,0,0,0,0,0,0,0,0,0,0,0,0,0,0,0,0,0,0,0,0,29413,0,0,0
0,0,0,1.2451e+05,0,0,22581,1.3871e+05,0,0,0,0,0,0,0,0,0,0,4574.1,0,33679,0,0,0,2318.6,3482.4,0,2.2104e+05,0,0,0,63562,0,0,36788,0,0,0,0,1.233e+05,0,0,0,0,0,12580,4366.7,15640,0,0,0,0,0,0,56941,0,0,0,0,0,64788,0,0,0,0,0,0,10362,0,0,0,0,1.1531e+05,5382.7,0,0,0,0,0,71929,0,0,7.6079e+05,1.0005e+05,0,65715,32497,0,0,0,0,0,2784.8,0,0,0,0,4384,0,6014.8,0,0,0,0,0,0,0,0,9284.1,0,0,0,0,0,0,0,0,0,0,0,86779,0,0,0,0,0,0,0,1.7101e+05,0,0,0,0,0,0,0,1.2093e+05,0,0,0,1.032e+05,1.0141e+05,0,0,29393
0,0,0,27634,0,0,0,30784,0,0,0,0,0,0,0,0,0,0,0,0,0,0,0,0,0,0,0,0,0,2915.2,0,0,0,0,0,0,0,0,0,0,0,0,0,0,0,0,0,0,0,0,0,0,0,0,12637,0,0,0,0,0,0,0,0,0,0,0,0,0,0,0,0,0,0,0,0,0,0,0,0,0,0,0,1.6884e+05,0,0,0,0,0,0,0,0,0,0,5374.5,0,0,0,0,0,0,0,0,0,0,0,0,0,0,0,4050,0,0,0,0,0,0,0,0,0,0,0,0,0,0,0,0,0,0,0,0,0,0,0,0,0,0,0,0,0,0,22902,22506,0,0,0
0,0,0,4.0011e+05,0,9087.4,72560,0,0,4659.1,0,0,0,1.5236e+05,0,0,0,11143,0,0,1.0822e+05,25854,0,0,7450.4,0,0,7.1029e+05,0,42209,0,2.0425e+05,0,0,1.1821e+05,0,0,0,0,3.9622e+05,0,0,0,0,3497.8,0,0,50258,74809,0,11568,0,0,0,1.8297e+05,5563.7,0,0,0,2.6811e+05,2.0819e+05,0,92972,8228.9,0,27145,0,0,0,41429,0,40273,3.7053e+05,17297,0,0,0,0,1.1138e+05,2.3113e+05,21084,0,2.4447e+06,3.2149e+05,11659,2.1117e+05,1.0442e+05,16457,25884,0,0,0,0,77818,0,12229,13710,0,1.4976e+05,0,0,0,33435,0,11452,0,0,0,29833,58640,0,0,0,0,0,0,2.2221e+05,0,8980.3,0,2.7885e+05,0,3.069e+05,0,0,0,0,0,5.4951e+05,0,0,0,19626,0,0,0,3.886e+05,0,6538.7,0,3.3161e+05,3.2587e+05,0,18431,94452
0,0,0,55387,0,0,0,0,0,644.94,0,0,0,0,0,0,0,0,0,0,0,0,0,0,0,0,0,98324,0,0,0,28274,0,0,0,0,0,0,0,0,0,0,0,0,0,0,0,0,10356,0,0,0,0,0,0,0,0,0,0,37114,0,0,0,0,0,0,0,0,0,5734.9,0,0,0,0,0,0,0,0,0,0,0,0,0,0,0,0,0,0,0,0,0,0,0,0,0,0,0,0,0,0,0,0,0,0,0,0,0,0,0,0,0,0,0,0,0,0,0,0,0,0,38601,0,0,0,0,0,0,0,0,4172.7,0,0,0,0,0,0,0,0,0,0,0,45109,0,0,13075
12479,0,0,8.5112e+05,12613,19331,1.5435e+05,9.4814e+05,0,0,5663.1,0,18942,3.2409e+05,0,0,0,23702,0,0,2.3022e+05,54995,0,0,15848,23804,0,1.5109e+06,10902,89787,3873.8,4.3448e+05,0,13298,2.5146e+05,0,35331,53569,0,8.4284e+05,16449,0,0,0,0,85993,29848,0,1.5913e+05,0,24608,17650,0,12319,3.8922e+05,0,0,0,24870,5.7033e+05,4.4286e+05,43315,1.9777e+05,0,0,57743,0,70827,45087,88127,0,85668,7.8818e+05,36793,5769.7,0,0,9403.5,2.3693e+05,4.9167e+05,44849,0,5.2004e+06,6.8388e+05,24801,4.4919e+05,2.2213e+05,35007,55059,0,0,0,0,1.6553e+05,0,26013,0,29967,3.1858e+05,41114,45130,13953,71122,13666,0,0,21396,0,63462,1.2474e+05,0,70069,0,0,0,0,4.7269e+05,0,0,11726,5.9318e+05,27291,6.5284e+05,0,30630,0,0,0,1.1689e+06,64122,7144.2,0,41749,0,0,0,8.2663e+05,0,0,0,7.0539e+05,6.9318e+05,0,39205,2.0092e+05
0,0,0,9.0677e+05,13438,0,1.6444e+05,1.0101e+06,12300,10559,6033.4,0,20181,3.4529e+05,0,0,0,25252,33311,0,0,0,0,0,16885,0,23237,1.6097e+06,11615,95658,0,4.6289e+05,32851,14167,2.6791e+05,0,37641,57072,0,8.9795e+05,0,6146.4,0,51857,0,91616,0,1.139e+05,0,0,26217,18804,12386,13125,4.1467e+05,12609,0,0,26496,6.0762e+05,4.7182e+05,46148,2.107e+05,18649,0,61519,0,75459,0,93890,0,0,8.3972e+05,39199,0,0,0,0,2.5242e+05,5.2382e+05,47782,0,5.5405e+06,7.286e+05,26422,4.7856e+05,2.3666e+05,0,58660,0,0,17355,20280,1.7636e+05,0,27714,31071,31926,3.3941e+05,0,48081,0,75772,14560,25953,0,22795,0,67611,1.329e+05,53323,74651,0,0,0,0,5.036e+05,0,0,12492,6.3196e+05,0,6.9552e+05,0,32633,12794,0,8803.8,1.2453e+06,68315,7611.3,42584,0,0,4623.2,0,8.8068e+05,0,0,0,7.5152e+05,7.3851e+05,0,41769,2.1405e+05
0,0,0,34573,0,0,0,38514,0,0,0,0,0,13165,0,0,0,0,0,0,0,0,0,0,0,0,0,61376,0,0,0,0,0,0,0,0,1435.2,0,0,0,0,0,0,0,0,3493.1,1212.5,0,0,0,0,0,0,0,0,0,0,0,0,23167,0,0,8033.6,0,0,0,0,0,0,0,0,0,0,0,0,0,0,0,0,0,0,0,0,0,0,0,0,0,0,0,0,0,0,0,0,0,0,0,0,0,0,0,0,0,0,0,0,0,0,0,0,0,0,0,0,0,19201,0,0,0,0,0,26519,0,0,0,0,0,0,0,0,0,0,0,0,0,33579,0,0,0,0,0,0,0,0
0,0,0,4.3227e+05,0,0,0,4.8154e+05,0,0,2876.2,0,0,1.646e+05,0,0,0,0,15879,0,1.1692e+05,27931,0,0,0,12090,11077,7.6737e+05,5536.7,45601,0,2.2066e+05,0,6753.5,1.2771e+05,0,17944,27206,0,4.2806e+05,0,0,0,0,0,43674,0,0,80821,0,0,8964.2,0,6256.6,1.9768e+05,0,0,0,0,2.8966e+05,2.2492e+05,21999,1.0044e+05,8890.2,0,29327,0,0,0,44758,0,43509,4.003e+05,0,0,0,24157,0,1.2033e+05,0,22778,0,2.6412e+06,3.4733e+05,12596,2.2814e+05,1.1282e+05,0,27963,0,0,8273.4,0,84071,3058.5,0,0,0,1.618e+05,0,22921,0,36121,6940.9,0,0,10867,0,32231,63353,25419,35587,0,0,0,8879.6,2.4007e+05,0,0,0,0,13861,3.3156e+05,0,0,0,0,0,5.9367e+05,32566,0,0,21203,0,0,0,4.1983e+05,0,0,0,3.5825e+05,0,0,0,1.0204e+05
0,0,0,2.4892e+05,0,5653.5,45142,2.773e+05,3376.7,0,0,0,0,94786,0,4256.8,0,0,9144.3,0,67330,16084,0,0,0,0,0,0,0,0,0,1.2707e+05,9018.2,0,0,0,0,0,0,2.465e+05,0,0,0,0,0,25150,0,31267,46541,0,0,0,0,0,1.1383e+05,0,0,2544.2,0,1.668e+05,1.2952e+05,0,57841,0,0,0,0,0,13186,25774,0,25055,2.3052e+05,0,0,0,0,0,0,1.438e+05,0,1768.6,1.5209e+06,0,7253.4,1.3137e+05,64966,10238,16103,0,0,0,0,48413,0,0,8529.4,8764.2,93172,12025,0,0,0,3997,0,0,6257.6,0,18560,36482,14638,0,0,0,0,5113.4,1.3825e+05,0,5586.9,0,1.7348e+05,0,1.9093e+05,0,0,0,0,0,3.4187e+05,18753,0,0,12210,0,0,0,2.4176e+05,0,0,0,2.063e+05,2.0273e+05,0,11466,0
0,0,0,2.5655e+05,0,0,46526,0,0,0,0,0,0,97692,0,0,0,0,0,0,0,16577,0,0,4777.2,0,0,4.5544e+05,0,27064,0,1.3096e+05,9294.6,0,75799,0,0,16147,0,2.5406e+05,0,0,0,0,0,25921,0,0,47968,0,0,5320.3,0,0,1.1732e+05,0,0,0,0,1.7191e+05,1.3349e+05,0,59613,0,0,0,5092.2,21349,0,0,0,0,2.3758e+05,0,0,0,0,0,0,1.482e+05,13519,0,1.5676e+06,0,0,1.354e+05,66957,0,0,0,0,0,0,0,1815.2,0,0,9032.9,96028,12393,0,0,0,4119.5,0,0,0,0,19129,37600,0,21121,0,0,0,0,0,0,5758.1,0,0,0,1.9678e+05,0,9232.8,0,0,0,3.5234e+05,19328,0,0,12584,0,0,0,2.4917e+05,0,4192.6,0,2.1263e+05,2.0894e+05,0,11818,60562
0,0,0,5.1659e+05,0,11733,93683,5.7547e+05,0,0,0,0,0,1.9671e+05,11606,8834.1,0,0,18977,0,1.3973e+05,33380,7617.6,0,9619.2,14448,0,9.1706e+05,0,54496,0,2.6371e+05,18715,8071,1.5263e+05,0,0,0,0,5.1156e+05,0,0,0,29543,0,0,18117,64889,96586,0,0,0,7056.1,0,2.3624e+05,0,6917.6,5280,15095,3.4616e+05,2.6879e+05,26290,1.2004e+05,0,0,35047,0,42989,27365,0,0,0,4.7839e+05,0,0,0,28869,0,1.438e+05,0,27221,0,3.1564e+06,4.1508e+05,15053,2.7264e+05,1.3482e+05,21247,33418,5947.4,0,9887.3,0,1.0047e+05,0,15789,17701,18188,1.9336e+05,0,0,0,0,8294.9,0,0,0,0,0,75711,30378,42529,0,0,0,0,2.869e+05,0,0,0,3.6003e+05,16565,3.9624e+05,8734.9,0,0,4529.7,0,7.0947e+05,0,0,0,0,6200.9,2633.8,0,5.0173e+05,0,0,0,4.2814e+05,4.2073e+05,3049.3,23796,1.2195e+05
0,0,9568.6,2.3322e+06,0,52969,4.2295e+05,2.5981e+06,0,0,0,20576,0,8.8807e+05,52397,0,0,64948,85675,0,6.3083e+05,1.507e+05,34391,0,43427,65227,59766,4.1402e+06,29872,2.4603e+05,10615,1.1905e+06,84493,0,6.8906e+05,0,96813,1.4679e+05,0,2.3095e+06,45073,0,30073,1.3338e+05,0,2.3564e+05,81790,2.9295e+05,4.3605e+05,0,67429,0,0,33756,0,32430,31230,23837,68149,1.5628e+06,1.2135e+06,1.1869e+05,5.4192e+05,47965,0,1.5823e+05,46291,1.9408e+05,0,2.4148e+05,0,2.3474e+05,2.1597e+06,0,0,0,1.3033e+05,0,6.4923e+05,1.3473e+06,1.2289e+05,0,1.425e+07,1.8739e+06,67958,1.2309e+06,6.0868e+05,95924,1.5087e+05,0,0,44638,52160,4.5359e+05,0,71280,79914,82114,8.7295e+05,1.1266e+05,1.2366e+05,38232,1.9489e+05,37448,66750,0,58629,25841,1.739e+05,3.4181e+05,1.3715e+05,1.92e+05,0,0,0,47908,1.2953e+06,13846,0,0,1.6254e+06,74783,1.7889e+06,39435,83932,0,0,22643,3.203e+06,1.7571e+05,19576,1.0953e+05,1.144e+05,27995,0,0,2.2651e+06,0,38113,0,1.9329e+06,1.8994e+06,0,1.0743e+05,5.5055e+05
0,0,0,1.326e+05,0,0,24046,1.4771e+05,0,0,0,0,0,50491,0,0,0,0,0,0,0,8567.8,0,0,0,0,3397.9,2.3539e+05,0,13988,0,0,0,0,39176,0,0,8345.5,0,1.3131e+05,0,0,0,7583.1,0,0,4650.1,0,24792,0,0,2749.7,0,0,60637,0,0,0,0,88852,68993,6748.1,30811,0,0,8995.9,0,0,0,0,0,13346,1.2279e+05,0,0,0,0,0,36911,76597,6987.1,0,8.1018e+05,1.0654e+05,0,69980,34606,0,8577.7,0,0,0,2965.5,0,938.19,0,0,0,49631,6405.2,0,2173.7,11080,0,0,0,0,0,0,19433,0,10916,0,0,0,0,73641,0,0,0,92411,0,1.0171e+05,0,4771.9,0,0,0,1.8211e+05,0,0,6227,6504,0,0,0,1.2878e+05,0,0,0,1.0989e+05,1.0799e+05,0,0,31301
0,0,0,0,0,0,0,0,0,0,0,0,0,0,0,0,0,0,0,0,10025,0,0,0,0,0,0,0,0,0,0,0,0,0,0,0,0,0,0,0,0,0,0,0,0,0,0,0,0,0,0,0,0,0,16949,0,0,0,0,0,19285,0,0,0,0,0,0,0,0,0,0,0,34322,0,0,0,0,0,10317,0,0,0,0,29780,0,0,9672.9,0,0,0,0,0,0,0,0,0,0,0,0,0,0,0,0,0,0,0,0,0,0,0,0,0,0,0,0,0,0,0,0,0,0,0,28428,0,0,0,0,0,0,0,0,0,0,0,0,0,35996,0,0,0,0,0,0,0,0
0,0,0,0,0,0,0,0,0,0,0,0,0,0,0,0,0,0,0,0,0,0,0,0,0,0,0,39514,0,0,0,0,0,0,0,0,0,0,0,0,0,0,0,0,0,0,0,0,0,0,0,0,0,0,0,0,0,0,0,14915,0,0,0,0,0,0,0,0,0,0,0,0,0,0,0,0,0,0,0,0,0,0,1.36e+05,0,0,0,0,0,0,0,0,0,0,0,0,0,762.7,0,8331.5,0,0,0,0,0,0,0,0,0,1659.7,0,0,0,0,0,0,0,0,0,0,0,0,0,0,0,0,0,0,0,0,0,0,0,0,0,0,0,0,0,0,0,0,0,0,0,0
0,0,0,66974,0,0,0,0,0,0,0,0,0,0,0,0,0,0,0,0,18115,0,0,0,0,0,0,1.1889e+05,0,0,0,0,0,0,19788,0,0,0,0,66322,0,0,0,0,0,6766.7,0,0,0,0,0,0,0,0,0,0,0,0,0,0,34848,0,0,0,0,0,0,0,0,0,0,0,0,0,0,0,0,0,0,38689,0,0,4.0922e+05,53814,0,0,17479,0,0,0,0,0,0,0,0,0,0,0,25069,0,3551.3,0,0,0,0,0,0,0,4993.7,0,0,5513.7,0,0,0,0,37196,0,0,922.68,0,0,51371,0,0,0,0,0,91981,0,0,0,0,0,0,0,65047,0,1094.5,0,55507,54546,0,0,0
32015,0,8958.4,2.1835e+06,0,49591,3.9597e+05,2.4324e+06,0,0,14528,19264,48595,8.3144e+05,49056,0,0,60807,80211,15818,5.906e+05,1.4109e+05,32198,0,40658,61068,55954,3.8762e+06,0,2.3034e+05,0,1.1146e+06,79105,34114,6.4511e+05,0,90639,1.3743e+05,0,2.1622e+06,42199,0,0,1.2487e+05,0,2.2061e+05,76574,2.7427e+05,4.0825e+05,0,63129,0,0,31604,9.9851e+05,30362,29239,22317,0,0,1.1361e+06,0,5.0736e+05,0,0,1.4814e+05,43339,1.817e+05,1.1567e+05,2.2608e+05,0,0,2.022e+06,94390,14802,0,1.2202e+05,24124,6.0782e+05,1.2613e+06,1.1506e+05,15514,1.3341e+07,1.7544e+06,0,1.1524e+06,5.6986e+05,0,1.4125e+05,0,0,0,48834,4.2466e+05,0,66734,74818,76878,8.1728e+05,1.0548e+05,1.1578e+05,35794,0,35060,62493,0,54890,0,1.6281e+05,3.2001e+05,1.284e+05,1.7976e+05,0,14056,0,0,1.2127e+06,0,0,30081,1.5217e+06,0,1.6748e+06,36920,78579,0,0,21199,2.9988e+06,1.645e+05,18328,1.0254e+05,1.071e+05,26210,0,0,2.1207e+06,0,0,0,1.8096e+06,1.7783e+06,12889,1.0058e+05,5.1544e+05
0,0,0,1.1842e+06,17550,0,2.1476e+05,1.3192e+06,16064,0,0,10448,26356,4.5094e+05,0,20251,0,32979,43503,0,3.2032e+05,76520,0,0,22051,33120,0,2.1023e+06,0,1.2493e+05,0,6.0453e+05,0,0,3.4988e+05,0,49159,0,0,1.1727e+06,22887,0,0,67725,0,1.1965e+05,0,1.4875e+05,2.2142e+05,0,34239,0,0,17140,5.4155e+05,16467,0,0,34604,7.9354e+05,0,60268,2.7517e+05,24356,0,80343,23505,98548,62733,1.2262e+05,0,1.192e+05,1.0967e+06,0,0,0,66180,13084,3.2966e+05,6.841e+05,62402,8414.2,7.2358e+06,9.5154e+05,0,6.25e+05,3.0907e+05,48708,76608,0,10353,22666,0,2.3032e+05,0,0,40578,41695,4.4326e+05,57206,62793,19413,98958,19015,33894,0,0,0,88299,1.7356e+05,69639,97493,0,0,0,24326,6.577e+05,0,26579,16315,8.2533e+05,0,9.0834e+05,0,0,16709,0,0,1.6264e+06,89218,9940.3,0,0,14215,0,0,1.1502e+06,0,0,0,9.8147e+05,9.6448e+05,0,0,2.7955e+05
0,0,0,0,0,0,0,1.3879e+05,0,0,0,0,0,47441,0,0,0,0,0,0,0,0,0,0,0,0,0,2.2117e+05,0,0,0,63599,4513.6,0,36809,0,0,7841.4,0,1.2338e+05,0,0,0,7125,0,0,0,15649,0,0,0,0,0,0,56974,1732.4,0,0,0,83485,64826,0,0,0,0,0,0,10368,0,0,0,0,1.1537e+05,0,0,0,0,0,34682,71970,0,0,7.6124e+05,1.0011e+05,0,65753,32516,0,0,1434.4,1089.2,0,0,24231,0,3807.8,0,4386.5,0,0,0,0,0,0,0,0,0,0,9289.5,18259,0,0,0,0,0,2559.3,69193,0,0,1716.4,86829,0,0,0,4483.6,0,0,0,1.7111e+05,0,0,5850.9,0,0,0,0,1.21e+05,0,0,0,1.0326e+05,1.0147e+05,0,0,0
15537,0,0,1.0597e+06,0,24067,1.9217e+05,1.1805e+06,0,12339,7050.7,0,0,4.0351e+05,0,18121,41257,0,38927,0,2.8662e+05,68471,0,0,19732,0,0,1.8812e+06,13573,1.1179e+05,0,5.4094e+05,38390,16556,3.1308e+05,0,43988,66695,0,1.0494e+06,0,0,0,60601,9263.6,1.0706e+05,37162,1.331e+05,1.9813e+05,0,30637,21975,14474,0,4.8459e+05,0,0,0,0,7.1007e+05,5.5137e+05,53929,0,21794,0,71892,0,88182,56134,1.0972e+05,14423,1.0666e+05,9.8131e+05,45809,7183.4,0,59219,11708,2.9498e+05,6.1214e+05,55839,0,6.4747e+06,8.5145e+05,30878,5.5926e+05,2.7656e+05,43584,68550,0,0,0,0,2.0609e+05,0,32387,36310,0,3.9664e+05,51189,56188,0,88549,17015,0,0,26639,0,79011,1.553e+05,0,87238,0,0,10188,0,5.8852e+05,0,23784,0,7.3852e+05,0,8.128e+05,17918,38135,14952,0,0,1.4553e+06,79834,8894.7,0,51978,0,5402.7,0,1.0292e+06,0,0,0,8.7824e+05,8.6303e+05,0,48812,2.5015e+05
0,0,0,19235,0,0,0,0,0,0,0,0,0,0,0,0,0,0,0,0,0,0,0,0,0,0,0,34147,0,0,0,9819.3,0,0,0,0,0,0,0,0,0,0,0,0,0,0,0,0,0,0,0,0,0,0,8796.4,0,0,0,0,0,0,0,0,0,0,1305,0,0,0,0,0,1936.1,17813,0,0,0,0,0,0,11112,0,0,1.1753e+05,0,0,0,0,0,0,0,0,0,0,0,0,0,0,0,0,0,0,0,0,0,0,0,0,0,0,0,0,0,0,0,0,0,10683,0,0,0,0,0,14754,0,0,0,0,0,26418,0,0,0,0,0,0,0,18682,0,0,0,15942,15666,0,0,4540.8
0,0,0,1.9597e+05,0,0,0,2.1831e+05,0,0,0,0,0,74622,0,0,0,0,0,1419.7,53007,0,0,0,0,0,0,3.4789e+05,0,0,0,0,7099.7,0,57899,0,8134.9,0,0,0,0,0,0,11207,0,19800,0,24616,0,0,0,0,0,0,89617,0,0,0,0,1.3132e+05,1.0197e+05,0,45536,0,0,0,0,0,0,0,0,19725,1.8148e+05,0,0,0,0,0,0,1.1321e+05,0,0,1.1974e+06,0,0,1.0343e+05,51145,8060.3,12677,2256.2,0,0,0,38114,0,0,6714.9,6899.8,73352,0,0,0,0,0,0,0,0,0,0,0,0,0,0,1261.6,0,0,1.0884e+05,0,4398.4,0,1.3658e+05,6283.8,1.5031e+05,0,0,0,0,0,2.6914e+05,0,0,0,0,0,0,0,1.9033e+05,0,3202.6,0,1.6242e+05,1.596e+05,0,0,46261
0,0,0,1.7385e+05,0,0,0,0,0,0,0,0,0,0,0,2973,0,0,6386.5,0,47024,0,0,0,0,0,0,3.0863e+05,0,0,0,88748,6298.4,0,51365,0,0,0,0,0,0,0,0,9942.4,0,0,6096.9,21837,32505,0,0,3605.3,0,0,79503,0,2328,0,0,1.165e+05,90459,0,0,0,1557.1,0,0,14467,0,0,0,0,1.61e+05,7515.5,0,0,0,0,0,1.0043e+05,0,0,1.0622e+06,1.3969e+05,0,91753,45373,0,0,0,0,0,0,33812,0,0,0,0,65073,0,0,0,0,2791.5,0,0,0,0,0,25480,10223,14313,0,0,0,0,96553,0,0,0,1.2116e+05,0,1.3335e+05,0,6256.6,0,0,0,0,0,0,0,0,0,0,0,1.6885e+05,0,0,0,1.4409e+05,1.4159e+05,0,0,41040
0,0,0,0,0,0,0,0,0,0,0,0,0,0,0,0,0,0,0,0,0,0,0,0,0,0,0,0,0,0,0,0,0,0,0,0,0,0,0,0,0,0,0,0,0,0,0,0,0,0,0,0,0,0,0,0,0,0,0,0,0,0,0,0,0,0,0,0,0,0,0,0,0,0,0,0,0,0,0,0,0,0,0,0,0,0,0,0,0,0,0,0,0,0,0,0,0,0,0,0,0,0,0,0,0,0,0,0,0,0,0,0,0,0,0,0,0,0,0,0,14259,0,0,0,0,0,0,0,0,0,0,0,0,0,0,0,0,0,0,0,0,0,0,0,0
0,0,0,2.3413e+05,0,5317.4,42459,2.6081e+05,0,0,0,2065.6,0,89152,5260.1,0,0,0,0,0,63327,0,0,0,0,0,5999.7,4.1563e+05,2998.8,24698,0,1.1952e+05,0,0,0,0,9718.8,0,0,2.3185e+05,0,0,0,13389,0,0,0,0,43774,0,0,0,0,0,1.0707e+05,0,0,0,0,1.5689e+05,1.2182e+05,11915,54402,0,2097,15884,0,0,0,24242,0,0,2.1681e+05,10121,0,0,0,0,65174,1.3525e+05,12337,0,1.4305e+06,1.8812e+05,0,1.2356e+05,61104,0,0,0,0,4481.1,0,45535,0,0,8022.4,0,87634,0,0,0,19564,0,6700.9,0,0,0,0,34313,0,19275,2188.1,0,0,4809.4,1.3003e+05,0,0,0,1.6317e+05,7507.3,1.7958e+05,0,0,0,0,0,3.2154e+05,17639,0,0,11484,0,0,0,2.2739e+05,0,0,0,1.9404e+05,1.9068e+05,0,0,55268
0,0,0,2.2905e+05,0,5202.3,41539,2.5516e+05,0,0,0,0,0,87221,0,0,0,0,8414.4,0,61956,0,0,0,4265.2,0,0,4.0662e+05,0,24163,0,0,8298.4,0,0,0,9508.3,14416,0,2.2683e+05,0,0,0,13099,0,23143,8032.8,28772,42826,0,0,0,0,3315.3,1.0475e+05,0,0,0,0,1.5349e+05,1.1918e+05,0,0,4710.8,0,0,0,0,0,23717,0,23055,2.1212e+05,9901.8,0,971.1,0,0,63763,1.3232e+05,12070,0,1.3995e+06,1.8405e+05,0,1.2089e+05,59780,0,0,0,0,0,0,44548,0,7000.6,7848.6,0,85736,11065,0,3754.9,19140,0,0,0,0,2537.9,17079,33570,0,0,0,0,0,0,1.2721e+05,0,0,0,1.5964e+05,0,1.7569e+05,0,0,0,0,0,3.1458e+05,0,0,0,0,0,0,0,2.2246e+05,0,0,1113,1.8984e+05,1.8655e+05,0,0,0
0,0,0,0,0,0,0,0,0,0,0,0,0,0,0,0,0,0,0,0,0,0,0,0,0,0,0,0,0,0,0,0,0,0,0,0,0,0,0,0,0,0,0,0,0,0,0,0,0,0,0,0,0,0,0,0,0,0,0,0,0,0,0,0,0,0,0,0,0,0,0,0,44287,0,0,0,0,0,0,0,0,0,0,0,0,0,0,0,0,0,0,0,0,0,0,0,0,0,0,0,0,0,0,0,0,0,0,0,0,0,0,0,0,0,0,0,0,0,0,0,0,0,0,0,0,0,0,0,0,0,0,0,0,0,0,0,0,0,0,0,0,0,0,0,0
0,0,0,0,0,0,0,46590,0,487,0,0,0,0,0,0,0,0,0,0,0,0,0,0,0,0,0,74245,0,0,0,0,0,0,0,0,0,0,0,0,0,0,0,0,0,0,0,0,0,0,0,0,0,0,0,0,0,0,0,0,0,0,0,0,0,0,0,0,0,0,0,0,38730,0,0,0,0,0,0,24160,0,0,2.5554e+05,0,1218.7,22073,10915,0,2705.5,0,0,0,0,0,0,0,0,0,15654,0,0,0,0,0,0,0,0,0,0,0,0,0,0,0,0,0,0,0,0,0,0,0,32079,0,0,0,0,0,57439,0,351.05,0,0,0,0,0,40619,0,0,0,0,0,0,0,0
0,0,0,6.324e+05,0,14363,1.1468e+05,7.0448e+05,8578.5,0,0,0,0,2.4081e+05,0,0,0,17611,0,4581.5,0,40863,0,0,0,0,16206,1.1226e+06,8100.1,66713,0,3.2283e+05,0,0,1.8684e+05,0,26252,39803,0,6.2624e+05,0,0,0,36166,0,63894,0,79435,1.1824e+05,0,0,13114,0,9153.3,2.892e+05,0,0,0,0,4.2376e+05,3.2905e+05,32184,1.4695e+05,0,0,42904,0,52626,33500,65480,0,0,5.8563e+05,27338,0,0,35341,0,1.7604e+05,3.6532e+05,33324,0,3.864e+06,5.0814e+05,18427,3.3376e+05,1.6505e+05,0,40910,0,0,0,14144,1.2299e+05,0,19328,21669,22266,2.3671e+05,30549,0,0,0,10154,0,0,15898,7006.9,47153,92684,37188,52063,0,0,0,12991,3.5122e+05,0,0,0,4.4074e+05,20278,4.8507e+05,0,22759,0,0,6139.9,8.6852e+05,47644,0,0,0,0,0,0,6.142e+05,0,0,0,5.2412e+05,5.1504e+05,3732.9,29130,1.4928e+05
0,0,0,2.757e+06,0,62617,4.9999e+05,3.0713e+06,0,0,18344,0,61359,1.0498e+06,61942,0,0,76779,1.0128e+05,0,7.4573e+05,1.7815e+05,40655,0,51338,77108,70652,4.8944e+06,0,2.9084e+05,0,1.4074e+06,99884,43075,8.1457e+05,0,1.1445e+05,1.7352e+05,0,2.7302e+06,53283,0,0,1.5767e+05,24102,2.7856e+05,0,3.4631e+05,5.1548e+05,0,79712,57174,0,0,1.2608e+06,38337,36919,0,80562,1.8475e+06,1.4345e+06,1.4031e+05,6.4063e+05,0,0,1.8705e+05,54723,2.2943e+05,1.4605e+05,2.8547e+05,0,2.775e+05,0,1.1918e+05,0,11689,1.5407e+05,30461,7.6748e+05,1.5927e+06,1.4528e+05,19589,1.6846e+07,2.2153e+06,80337,1.4551e+06,7.1955e+05,1.134e+05,1.7835e+05,31741,0,52768,61661,5.3621e+05,19507,84263,94470,97071,1.032e+06,1.3318e+05,1.4619e+05,0,2.3038e+05,44270,0,23078,69308,0,2.0557e+05,4.0407e+05,1.6213e+05,2.2698e+05,0,17748,0,56635,1.5312e+06,16368,0,0,1.9215e+06,88405,2.1147e+06,0,99220,0,24175,0,3.7864e+06,2.0771e+05,23142,1.2948e+05,0,33094,14057,0,2.6777e+06,0,45056,0,2.285e+06,2.2454e+06,0,1.27e+05,6.5083e+05
0,0,0,0,0,0,0,0,2141.3,0,0,0,3513.2,60109,0,0,0,0,0,0,0,10200,0,0,0,0,0,0,0,16653,0,80582,0,0,0,0,6552.8,0,0,1.5632e+05,0,0,0,9027.6,0,0,0,0,29514,0,0,0,0,0,72188,0,0,0,0,1.0578e+05,82136,8033.6,36680,0,0,0,0,0,0,0,0,15889,1.4618e+05,0,0,0,0,0,43943,91188,0,0,9.6451e+05,1.2684e+05,4599.7,83311,41198,0,0,0,0,0,0,30701,0,0,0,0,59086,0,8370.2,0,13191,0,0,0,0,0,0,23135,0,0,0,0,0,0,87669,0,0,0,1.1001e+05,0,0,0,0,0,0,0,2.168e+05,0,0,7413.2,0,0,0,0,1.5331e+05,0,0,0,1.3083e+05,0,931.79,7271.3,37264
0,0,0,0,0,0,0,0,0,0,0,0,0,0,0,0,0,0,0,0,12759,0,0,0,0,0,0,0,0,4976.2,0,0,0,736.98,0,0,0,0,0,0,0,0,0,0,0,0,0,0,0,0,0,0,0,0,0,0,0,0,0,31609,24544,0,0,0,0,0,0,0,0,0,0,0,43683,0,0,0,0,0,13131,0,0,0,0,0,0,0,0,0,0,0,0,0,0,0,0,0,1616.3,0,0,0,0,0,0,0,0,0,0,0,0,0,0,0,0,0,0,0,26198,0,0,0,0,0,36182,0,0,0,0,0,0,0,0,0,0,0,0,0,0,0,0,0,0,38418,0,0,0
0,0,0,0,0,0,0,0,0,0,0,0,0,0,0,0,0,0,0,0,0,0,0,0,0,0,0,0,0,0,0,0,0,0,0,0,0,0,0,0,0,0,0,0,0,0,0,0,0,0,0,0,0,0,0,0,0,0,0,0,0,0,0,0,0,0,0,0,0,0,0,0,0,0,0,0,0,0,0,0,0,0,0,0,0,0,0,0,0,0,0,0,0,0,0,0,0,0,0,0,0,0,0,0,0,0,0,0,0,0,0,0,0,0,0,0,0,0,0,0,0,0,0,0,0,0,0,0,0,0,0,0,0,0,0,0,0,0,0,0,0,0,0,0,0
0,0,0,1.027e+05,0,0,18625,1.1441e+05,0,0,0,0,0,0,0,1756.3,0,0,0,0,0,0,0,0,0,0,0,1.8232e+05,0,0,0,52428,0,1604.6,0,0,0,0,0,1.017e+05,0,0,0,0,0,0,0,0,0,0,0,0,0,0,0,1428.1,0,0,0,68821,53439,5226.8,0,0,0,0,0,0,0,0,0,0,95109,4439.8,0,0,0,0,28590,59329,0,0,6.2753e+05,82523,0,54204,26804,4224.2,0,0,0,0,0,19975,0,3138.9,0,0,38442,0,0,0,0,0,0,0,0,0,0,15052,6039.5,0,0,0,0,0,57039,0,2305.1,0,71578,0,78777,0,0,0,0,0,0,0,0,0,0,0,0,0,99749,0,0,0,85119,83645,0,0,24244
0,0,0,2.5801e+05,0,0,0,2.8742e+05,0,0,0,0,0,98245,0,0,0,0,0,0,0,0,0,0,0,7215.9,0,4.5802e+05,0,27218,0,1.3171e+05,0,0,76229,0,0,16239,0,2.555e+05,0,0,0,14755,0,26068,0,32408,0,0,0,0,0,0,1.1799e+05,0,0,2637.1,0,1.7289e+05,0,13131,59951,5306.3,0,0,0,21470,0,0,0,0,2.3893e+05,0,0,0,14418,0,71822,1.4904e+05,0,0,1.5764e+06,0,0,1.3617e+05,67337,0,16691,0,2255.6,0,0,50180,0,0,0,0,96573,0,0,0,21560,0,7384.4,2159.7,0,0,0,37813,0,0,0,0,0,0,1.4329e+05,0,0,3554.5,1.7981e+05,0,1.979e+05,4362.6,0,0,0,0,3.5434e+05,0,0,0,0,0,1315.4,0,2.5058e+05,0,0,0,2.1383e+05,0,0,11885,60906
0,0,0,8.4964e+05,12591,0,0,9.4649e+05,0,0,0,0,0,3.2353e+05,0,0,0,0,31212,0,2.2981e+05,54900,0,0,15821,0,21773,1.5083e+06,0,89631,0,4.3372e+05,0,13274,2.5103e+05,5531.8,35270,53476,0,8.4137e+05,0,0,0,48590,0,85843,29797,1.0672e+05,1.5886e+05,0,0,0,0,0,3.8854e+05,0,0,0,24827,5.6934e+05,4.4209e+05,43240,1.9743e+05,0,0,57643,16864,70704,45008,87974,0,85519,7.8681e+05,36729,0,3602.2,47481,0,0,4.9081e+05,0,0,5.1914e+06,6.8269e+05,24758,4.4841e+05,2.2175e+05,0,0,0,0,16262,19002,1.6525e+05,0,25968,0,29915,3.1802e+05,0,45052,0,70998,13643,24317,7112,0,0,63351,1.2452e+05,49963,69948,0,0,0,17453,4.7187e+05,0,0,0,5.9214e+05,27244,6.517e+05,0,0,0,7450,8249.1,1.1669e+06,64011,0,39901,0,0,0,0,8.252e+05,0,0,0,7.0417e+05,6.9198e+05,0,39137,2.0057e+05
27334,0,0,1.8643e+06,27628,42341,3.3809e+05,2.0768e+06,25289,0,12404,16448,0,7.0989e+05,41884,0,72584,51917,68485,0,5.0426e+05,1.2046e+05,27491,8452.7,34714,52140,47774,3.3095e+06,23879,1.9667e+05,0,9.5167e+05,67540,29127,5.508e+05,0,77388,1.1734e+05,0,1.8461e+06,36029,0,24039,1.0662e+05,0,1.8836e+05,65379,2.3417e+05,3.4856e+05,0,53900,0,0,0,8.5254e+05,0,24964,19055,54475,1.2492e+06,9.7002e+05,94877,4.3319e+05,38342,16698,1.2648e+05,37003,1.5514e+05,98756,1.9303e+05,0,1.8764e+05,1.7264e+06,0,0,0,1.0418e+05,0,5.1896e+05,0,98237,0,1.1391e+07,1.498e+06,0,9.839e+05,4.8655e+05,76678,1.206e+05,0,0,35681,41695,3.6258e+05,0,56978,0,0,6.978e+05,90056,98852,30561,1.5578e+05,0,53357,15605,46865,0,1.39e+05,2.7323e+05,0,1.5348e+05,17423,0,17925,38296,1.0354e+06,0,0,25684,1.2993e+06,0,1.43e+06,31523,67091,26305,0,18100,2.5604e+06,1.4045e+05,15648,0,91445,22378,9505,0,1.8106e+06,11018,30466,0,1.5451e+06,1.5183e+06,11004,85875,4.4008e+05
0,0,0,1.0657e+05,0,2420.5,19327,1.1872e+05,0,0,0,0,0,0,0,0,0,0,0,0,0,0,0,0,0,0,0,1.8919e+05,0,11243,0,54404,0,0,31487,0,0,0,0,1.0554e+05,0,0,0,0,0,0,3737.5,13387,19926,0,0,0,0,0,0,0,0,0,0,71414,55453,0,0,0,0,7230.4,0,0,0,11035,0,10727,98693,0,0,0,5955.8,0,0,61565,0,0,6.5118e+05,85633,0,56246,0,4383.4,6894.3,0,0,0,0,0,0,3257.2,0,0,0,0,0,0,0,0,0,0,0,0,0,15619,0,0,0,0,0,0,59189,0,0,0,74275,0,81746,0,0,0,0,0,1.4637e+05,8029.1,0,0,0,0,0,0,0,0,0,0,88327,86797,0,0,0
0,0,0,0,0,0,0,0,0,0,0,0,0,0,0,0,0,0,0,0,0,0,0,0,0,0,0,12950,0,0,0,0,0,0,0,0,0,0,0,0,0,0,0,0,0,0,0,0,0,0,0,0,0,0,0,0,0,0,0,0,0,0,0,0,0,0,0,0,0,0,0,0,0,0,0,0,0,0,2030.7,0,0,0,44572,0,0,0,0,0,0,0,0,0,0,0,0,0,0,0,0,0,0,0,0,0,0,0,0,0,0,0,0,0,0,0,0,0,0,0,0,0,0,0,0,0,0,0,0,0,0,0,0,0,0,0,0,0,0,0,0,0,0,0,0,0,0
0,0,0,6.8919e+06,1.0213e+05,1.5653e+05,1.2498e+06,7.6774e+06,93489,80252,45856,0,1.5338e+05,2.6243e+06,1.5484e+05,1.1786e+05,0,0,2.5317e+05,49929,1.8641e+06,4.4532e+05,1.0163e+05,0,1.2833e+05,1.9275e+05,1.7661e+05,1.2235e+07,88275,7.2704e+05,31368,3.5182e+06,2.4968e+05,1.0768e+05,2.0362e+06,0,2.8609e+05,4.3377e+05,0,6.8248e+06,1.3319e+05,0,0,3.9414e+05,60249,6.9632e+05,2.4169e+05,8.6569e+05,1.2886e+06,0,1.9926e+05,1.4292e+05,94137,0,3.1517e+06,95833,0,70441,2.0138e+05,4.6182e+06,3.586e+06,3.5074e+05,1.6014e+06,1.4174e+05,61729,4.6757e+05,1.3679e+05,5.7352e+05,3.6508e+05,7.136e+05,0,6.9368e+05,6.3822e+06,2.9793e+05,0,0,0,76144,1.9185e+06,3.9812e+06,3.6316e+05,48968,0,5.5377e+06,0,3.6373e+06,1.7987e+06,2.8346e+05,4.4584e+05,79345,60251,1.3191e+05,1.5414e+05,1.3404e+06,0,2.1064e+05,2.3615e+05,2.4265e+05,2.5796e+06,3.3292e+05,3.6544e+05,1.1298e+05,5.759e+05,0,1.9725e+05,0,1.7325e+05,0,5.1387e+05,1.0101e+06,4.0527e+05,5.6738e+05,64410,0,0,1.4157e+05,3.8276e+06,40916,1.5468e+05,94947,4.8032e+06,2.2099e+05,5.2863e+06,1.1653e+05,2.4802e+05,0,0,66913,9.4652e+06,5.1922e+05,57849,3.2366e+05,3.3806e+05,82727,35138,31885,6.6936e+06,40732,1.1263e+05,33489,5.7119e+06,5.613e+06,0,3.1746e+05,1.6269e+06
79384,0,0,5.4142e+06,0,1.2297e+05,9.8186e+05,6.0313e+06,73444,0,0,0,1.205e+05,2.0616e+06,1.2164e+05,0,0,1.5078e+05,1.9889e+05,0,1.4645e+06,3.4984e+05,79837,0,1.0082e+05,1.5142e+05,1.3874e+05,9.6114e+06,69348,5.7115e+05,0,2.7638e+06,1.9615e+05,84589,1.5996e+06,35251,2.2475e+05,3.4076e+05,0,5.3615e+06,1.0464e+05,0,0,3.0963e+05,0,5.4702e+05,1.8987e+05,6.8007e+05,1.0123e+06,0,1.5654e+05,1.1228e+05,73953,78364,2.4759e+06,75285,0,55338,1.5821e+05,3.628e+06,2.8171e+06,2.7554e+05,1.2581e+06,1.1135e+05,48493,3.6732e+05,0,4.5055e+05,2.8681e+05,5.606e+05,73689,5.4495e+05,5.0138e+06,2.3405e+05,36702,22954,3.0257e+05,0,1.5072e+06,3.1276e+06,2.853e+05,0,3.3081e+07,0,1.5776e+05,2.8574e+06,1.413e+06,2.2269e+05,3.5025e+05,62333,0,1.0363e+05,1.2109e+05,1.053e+06,0,1.6547e+05,1.8552e+05,1.9063e+05,2.0265e+06,2.6154e+05,2.8708e+05,88755,4.5242e+05,86936,1.5496e+05,45320,1.361e+05,0,4.0369e+05,7.935e+05,0,4.4573e+05,0,34854,0,1.1122e+05,3.0069e+06,32144,1.2152e+05,74590,3.7733e+06,0,4.1528e+06,0,1.9485e+05,76393,47474,52566,7.4357e+06,4.079e+05,45446,2.5426e+05,2.6557e+05,64990,0,25049,5.2584e+06,31999,88479,26308,4.4872e+06,4.4095e+06,31959,2.494e+05,1.2781e+06
0,0,0,2.7374e+05,0,0,0,3.0494e+05,0,0,0,0,0,1.0424e+05,6150,4681.1,0,0,0,0,74042,0,0,0,0,0,7014.8,4.8595e+05,0,28877,0,0,9917.1,0,80876,0,0,0,0,2.7107e+05,0,0,0,0,0,27657,0,34384,51181,0,0,5676.6,0,0,0,0,0,0,0,1.8343e+05,0,13931,63606,0,0,0,5433.2,0,14501,0,3725.7,0,2.5349e+05,11833,0,0,0,0,76201,1.5813e+05,0,0,1.6726e+06,2.1995e+05,0,1.4447e+05,0,0,0,0,0,0,0,53239,0,0,0,0,1.0246e+05,0,0,0,22874,0,0,0,0,0,0,40119,0,22536,0,0,0,0,1.5203e+05,0,6143.8,0,1.9078e+05,0,2.0996e+05,0,0,0,0,0,3.7594e+05,0,0,12855,0,0,0,0,2.6586e+05,0,0,0,2.2687e+05,2.2294e+05,0,12609,64619
0,0,0,2.2467e+06,0,0,4.0744e+05,2.5028e+06,30477,0,0,0,0,8.5551e+05,50476,38420,0,62567,0,0,0,1.4517e+05,0,0,0,62835,57574,3.9884e+06,28777,2.3701e+05,0,1.1469e+06,0,0,6.6379e+05,0,93263,1.4141e+05,0,2.2248e+06,43420,0,0,1.2849e+05,19641,2.2699e+05,78791,2.8221e+05,4.2006e+05,0,64957,46591,0,0,1.0274e+06,31241,0,0,65650,1.5055e+06,1.169e+06,1.1434e+05,5.2205e+05,0,0,1.5242e+05,0,1.8696e+05,1.1901e+05,2.3263e+05,30578,2.2614e+05,2.0806e+06,0,0,0,1.2555e+05,0,6.2542e+05,1.2979e+06,1.1839e+05,0,1.3727e+07,1.8052e+06,0,0,5.8636e+05,92407,1.4534e+05,25866,0,43001,50248,4.3696e+05,0,68666,76984,79103,8.4094e+05,0,1.1913e+05,36830,1.8774e+05,0,64302,0,56479,0,1.6752e+05,3.2927e+05,1.3212e+05,1.8496e+05,20997,0,21602,46151,1.2478e+06,0,50426,30952,1.5658e+06,72041,1.7233e+06,37989,80854,0,19700,0,3.0856e+06,1.6926e+05,18858,1.0551e+05,1.102e+05,26969,0,10394,2.1821e+06,13278,0,0,1.862e+06,1.8298e+06,13262,1.0349e+05,5.3036e+05
0,0,0,5.3935e+05,0,0,97811,6.0083e+05,0,0,0,0,0,2.0538e+05,0,0,0,15020,0,0,1.4589e+05,0,0,0,10043,0,0,9.5747e+05,0,0,0,2.7533e+05,0,0,0,0,22389,33946,0,5.341e+05,10424,0,0,30845,0,54493,18915,67748,1.0084e+05,0,15594,11185,7367.1,0,2.4665e+05,0,0,0,15760,3.6141e+05,2.8064e+05,27449,1.2533e+05,0,4830.8,36592,0,44883,0,55846,0,54287,4.9947e+05,23316,0,0,30141,0,0,3.1157e+05,28421,0,3.2955e+06,4.3337e+05,0,2.8465e+05,0,22184,34891,0,0,10323,0,1.049e+05,0,0,0,0,2.0188e+05,26054,28599,8841.7,0,0,15437,0,0,0,40215,79047,31716,0,0,0,0,0,2.9954e+05,0,0,0,3.7589e+05,17294,4.137e+05,9119.9,0,0,0,0,7.4074e+05,40634,4527.2,0,26456,0,0,0,5.2383e+05,0,0,2620.8,4.4701e+05,4.3927e+05,3183.7,24844,1.2732e+05
0,0,0,65881,0,0,11948,73391,893.69,767.15,0,0,0,25087,0,0,0,1834.7,0,0,17820,0,0,0,0,0,0,1.1695e+05,843.85,6950,0,33631,0,0,0,0,0,0,0,65240,0,0,0,3767.7,0,0,0,0,0,0,0,0,0,0,0,0,0,0,1925.1,44147,0,3352.9,0,0,0,0,0,0,3489.9,0,0,0,61010,0,0,0,0,0,18340,0,0,0,4.0254e+05,52936,0,34770,17194,0,0,0,0,0,1473.4,0,0,0,0,0,24660,0,0,0,5505.2,0,0,0,0,0,0,0,0,0,0,0,0,0,36589,0,0,0,45915,0,50533,0,0,0,0,0,90480,0,0,0,0,0,0,0,63986,0,0,0,54601,0,0,0,0
0,0,0,0,0,0,0,0,0,0,0,0,0,30951,0,0,0,0,0,0,21985,5252,0,0,0,0,0,1.4429e+05,0,0,0,41492,0,0,0,0,0,0,0,80490,0,0,0,0,0,0,0,10210,15197,0,0,0,0,0,37170,0,0,0,0,54466,42292,0,18887,1671.7,0,0,0,0,0,8416,0,8181.1,75270,0,0,0,0,0,22626,0,0,0,4.9663e+05,0,0,0,21213,0,0,0,0,0,0,0,0,0,0,0,30424,0,4309.9,0,0,0,0,0,0,0,0,11912,4779.7,6691.5,0,0,0,0,45142,0,0,0,0,0,62345,0,0,0,0,0,1.1163e+05,0,0,0,0,0,0,0,78942,0,0,0,67364,66198,0,3744.1,19187
0,0,0,0,0,0,0,0,0,0,0,0,0,0,0,0,0,0,0,0,0,0,0,0,0,0,0,0,0,0,0,0,0,0,0,0,0,0,0,0,0,0,0,0,0,0,0,0,0,0,0,0,0,0,0,0,0,0,0,0,0,0,0,0,0,0,0,0,0,0,0,0,0,0,0,0,0,0,0,0,0,0,11787,1550,0,0,0,0,0,0,0,0,0,0,0,0,0,0,0,0,0,0,0,0,0,0,0,0,0,0,0,0,0,0,0,0,0,0,0,0,0,0,0,0,0,0,0,0,0,0,0,0,0,0,0,0,0,0,0,0,0,0,0,0,0
0,0,0,89147,0,0,0,99309,0,0,0,0,0,0,0,0,0,0,0,0,24113,0,0,0,0,0,0,0,0,0,0,45508,0,0,26339,0,0,0,0,0,0,0,0,0,0,0,0,11198,16668,0,0,0,0,0,40767,0,0,0,0,0,0,0,20715,0,0,0,0,7418.5,0,0,0,0,82555,3853.8,0,0,0,0,24816,51498,4697.6,0,5.447e+05,71631,0,0,0,0,5767,0,0,0,0,17338,0,0,0,3138.8,0,4306.4,0,0,0,0,0,0,0,0,0,0,0,0,0,0,0,0,49510,0,0,0,62130,0,0,0,3208.2,0,0,0,1.2243e+05,0,0,4186.6,4372.8,0,0,0,86583,0,0,0,73884,72605,0,4106.4,21044
0,0,0,0,0,0,0,28226,0,0,0,0,0,0,0,0,0,0,0,0,0,0,0,0,0,0,0,44980,0,0,0,0,0,0,0,0,0,0,0,25091,0,0,0,0,0,0,0,0,0,0,0,0,0,0,0,0,0,0,0,16978,0,0,0,0,0,0,0,0,0,0,0,0,0,0,0,0,0,0,0,0,0,0,1.5481e+05,20359,0,0,0,0,0,0,0,0,0,4927.9,0,0,0,0,0,0,0,0,0,0,0,0,0,0,1889.2,0,0,2085.9,0,0,0,0,0,0,0,0,17659,0,19435,0,0,0,0,0,0,0,0,0,0,0,0,0,24608,0,0,0,0,20636,0,0,5981.2
0,0,0,1.5965e+05,0,0,0,1.7785e+05,0,0,0,0,0,0,3586.9,0,0,0,0,0,0,0,0,0,0,4465.2,0,2.8342e+05,0,16842,0,81500,0,2494.4,0,1039.5,0,0,0,1.581e+05,0,0,0,9130.5,0,16131,0,20054,29851,0,0,0,0,0,73010,0,0,0,0,1.0698e+05,83072,0,37098,0,0,0,0,13286,0,0,0,16070,1.4785e+05,0,0,0,8922.1,0,44444,92228,8412.9,0,9.755e+05,1.2828e+05,0,84260,41668,0,0,0,0,0,0,0,0,0,0,5621.2,59759,0,0,0,13341,0,0,0,0,0,11904,23399,9388.4,13144,0,0,0,0,88668,0,3583.3,0,1.1127e+05,0,1.2246e+05,0,0,0,0,0,0,0,0,7497.7,0,0,0,0,1.5506e+05,0,2609.1,0,1.3232e+05,1.3003e+05,0,7354.2,37688
0,0,0,2.7441e+05,0,6232.4,49764,3.0569e+05,0,0,0,0,0,0,0,0,0,0,10081,0,74224,17731,0,0,0,0,7032.1,4.8714e+05,0,0,0,1.4008e+05,9941.5,0,81075,0,0,0,0,2.7174e+05,5303.3,0,0,15693,2398.9,0,0,34469,51306,0,0,0,0,0,1.2549e+05,0,0,0,0,1.8388e+05,1.4278e+05,0,63763,0,0,18617,0,0,0,28413,0,27620,2.5412e+05,0,0,0,0,0,76388,1.5852e+05,0,0,1.6767e+06,2.2049e+05,7996,1.4482e+05,0,0,17752,0,0,0,0,0,0,0,9402.7,0,1.0271e+05,13256,0,0,22930,4406.2,0,0,0,0,0,0,16137,22591,0,0,0,0,1.524e+05,0,0,0,1.9125e+05,0,2.1048e+05,0,0,0,0,0,3.7687e+05,20674,0,12887,13460,0,0,0,2.6652e+05,0,4484.5,0,2.2743e+05,2.2349e+05,0,0,64778
0,0,0,0,0,0,0,27926,0,0,0,0,0,0,0,0,0,0,0,0,6780.5,0,0,0,0,0,0,44502,0,0,0,12797,0,0,0,0,0,0,0,24824,0,0,0,0,0,0,0,0,0,0,0,0,342.41,0,0,0,0,0,0,0,13044,0,0,0,0,0,0,0,0,0,0,0,23214,0,0,0,0,0,0,14481,0,0,1.5317e+05,0,0,0,6542.4,0,0,0,0,0,0,0,0,0,0,0,0,0,0,0,0,0,0,0,0,0,0,0,0,0,0,0,0,0,13922,0,0,0,17471,0,19228,0,0,0,0,0,34428,0,0,0,0,0,0,0,24347,0,0,0,0,20416,0,0,5917.6
0,0,0,1.7981e+05,0,0,0,2.0031e+05,0,0,0,0,0,68469,0,3074.9,0,5007.4,0,0,48636,0,0,0,3348.2,0,0,3.1921e+05,0,0,0,91790,0,0,0,0,0,11317,0,1.7806e+05,0,0,0,10283,0,18167,0,22586,33619,0,0,0,0,0,0,0,0,0,0,1.2049e+05,93560,0,0,0,0,12199,0,14963,9525.1,18618,0,0,1.6651e+05,0,0,0,10049,0,50054,1.0387e+05,9475,0,1.0987e+06,1.4448e+05,5239.5,94898,46928,7395.6,11632,0,1572,0,0,0,0,0,0,0,0,8686,0,0,0,0,0,0,0,0,13407,0,10574,14803,0,0,0,0,99863,1067.5,0,0,1.2532e+05,0,1.3792e+05,0,0,0,0,0,2.4695e+05,0,0,0,8820,2158.4,0,0,1.7464e+05,0,0,0,1.4902e+05,1.4644e+05,0,8282.7,42446
0,0,0,0,0,0,12994,79820,971.97,0,0,0,0,27284,0,0,0,0,0,0,19381,0,0,0,0,0,0,1.272e+05,0,7558.8,0,36577,0,0,21170,0,0,0,0,0,0,0,0,0,0,0,0,0,0,0,0,0,0,0,32767,0,0,0,0,48014,0,3646.5,16649,0,0,4861.2,0,0,0,7419.1,0,7212,0,0,0,0,0,0,19946,0,0,0,4.378e+05,0,0,37816,0,0,0,0,0,0,0,0,0,0,0,0,0,0,0,0,0,1150.5,0,0,0,0,5342.6,0,0,5898.9,0,0,0,0,39794,0,0,0,49937,2297.5,54960,0,0,0,0,0,98406,0,0,3365,0,0,0,0,69591,0,0,0,59384,58356,0,0,0
0,0,0,90745,0,0,0,1.0109e+05,0,0,0,0,0,34554,0,0,0,0,0,0,24545,0,0,0,0,0,0,1.6109e+05,0,0,0,46324,0,0,26811,0,0,0,0,89862,0,0,0,0,0,0,0,11398,16967,0,0,0,0,0,41498,0,0,0,0,0,47217,0,0,0,0,6156.5,0,7551.5,0,0,0,9133.7,84035,0,0,0,0,0,25261,52421,0,0,5.5446e+05,72914,0,47892,0,0,0,0,0,0,0,17649,0,0,3109.4,0,33966,0,0,0,0,0,0,0,0,0,6766.2,0,0,0,0,0,0,0,0,0,0,0,63243,0,69604,0,0,0,0,0,1.2463e+05,6836.6,0,0,4451.2,0,0,0,88134,0,0,0,75208,0,0,4180,21421
0,0,0,1.6103e+06,0,36573,2.9203e+05,1.7939e+06,0,0,0,14207,35838,6.1318e+05,36178,27537,0,44844,59155,0,4.3556e+05,1.0405e+05,23745,0,29985,45037,41266,2.8587e+06,0,0,0,8.2202e+05,58339,25159,4.7576e+05,0,66845,1.0135e+05,0,1.5946e+06,0,0,0,0,0,1.627e+05,0,2.0227e+05,3.0108e+05,0,46557,33394,0,23307,7.3639e+05,0,0,0,47054,1.079e+06,8.3788e+05,0,3.7417e+05,0,0,1.0925e+05,31962,1.34e+05,85303,1.6673e+05,0,1.6208e+05,1.4912e+06,69612,0,0,89990,17791,4.4826e+05,9.3022e+05,84854,0,9.839e+06,1.2939e+06,46922,8.4986e+05,4.2027e+05,66232,0,18539,0,30821,36015,3.1318e+05,11394,49216,55177,0,0,0,85385,0,1.3456e+05,0,0,13479,40481,0,1.2007e+05,2.36e+05,94693,1.3257e+05,0,10366,0,33079,8.9432e+05,0,0,22185,1.1223e+06,0,1.2351e+06,27228,57951,0,14120,0,2.2116e+06,1.2132e+05,13517,75623,0,0,0,7450.1,1.564e+06,0,0,0,1.3346e+06,1.3115e+06,0,0,3.8013e+05
0,0,0,58543,0,0,0,65216,0,0,0,0,0,0,0,0,0,0,0,0,0,0,0,0,1090.1,0,0,0,0,0,0,0,0,0,17297,0,0,0,0,57974,0,0,0,3348,0,0,0,0,0,0,0,0,0,0,26772,0,0,0,1710.7,39229,30461,0,0,0,0,3971.8,0,0,0,0,0,0,54214,0,0,0,0,0,16297,0,0,0,3.577e+05,0,0,30897,0,0,0,0,0,0,0,0,0,0,0,0,0,0,0,0,0,0,1675.6,0,1471.7,0,0,0,0,4819.6,0,0,0,0,0,0,0,0,0,0,44904,0,2106.8,0,0,0,80402,0,0,0,0,0,0,0,0,0,0,0,48520,47679,0,0,13820
0,0,0,1.3072e+05,0,0,23705,1.4562e+05,0,0,0,0,0,0,0,0,0,0,0,0,35357,0,0,0,0,0,0,0,0,0,0,0,0,0,0,0,5426.2,0,0,0,0,0,0,0,0,13207,4584.1,0,0,0,3779.3,0,0,0,59776,0,0,0,0,87591,68014,0,0,0,0,0,0,10878,0,0,0,13157,1.2105e+05,0,0,0,0,0,0,75511,0,0,7.9868e+05,0,0,68987,34115,5376.4,0,0,0,2501.8,0,25423,924.88,0,0,0,48927,6314.4,0,0,10923,0,0,0,0,0,9746.5,0,7686.7,10761,0,0,0,0,72596,0,2933.8,0,91100,0,1.0026e+05,0,4704.2,0,0,0,1.7952e+05,0,0,0,0,0,0,0,1.2695e+05,0,0,0,1.0833e+05,1.0646e+05,0,0,30857
0,0,0,1.6171e+05,0,3672.7,0,1.8014e+05,0,1883,0,0,0,61575,0,0,0,0,0,0,43739,0,0,0,0,0,0,2.8707e+05,0,17059,0,82548,0,0,47776,0,0,0,0,1.6013e+05,0,0,0,0,0,0,0,0,30234,0,0,0,0,0,73948,0,0,0,4725.1,1.0836e+05,84139,8229.6,0,0,0,0,0,0,0,16743,0,16276,1.4975e+05,0,0,0,0,0,0,0,8521,0,9.8804e+05,1.2993e+05,0,85343,42203,0,0,0,0,0,0,31450,0,4942.2,0,5693.4,60527,0,0,0,0,0,0,0,4065.1,0,0,23700,0,0,0,0,0,0,89808,0,0,2227.8,0,0,1.2403e+05,0,0,0,0,0,2.2208e+05,0,1357.3,0,7931.9,0,0,0,0,0,0,0,1.3402e+05,1.317e+05,0,0,38173
0,0,0,1.0957e+05,0,0,19870,1.2205e+05,0,0,0,0,0,0,0,0,0,3051.2,0,0,29636,0,0,0,0,0,0,1.945e+05,0,11558,0,55931,0,0,32371,0,0,0,0,1.085e+05,0,0,0,0,0,0,0,13762,20485,0,0,0,0,1585.8,50104,0,0,0,0,73419,57009,0,0,0,0,7433.3,0,0,0,0,0,0,1.0146e+05,0,0,0,0,0,30500,63293,0,0,6.6945e+05,88036,0,57825,28595,4506.4,0,0,957.85,0,0,0,0,0,0,0,41011,0,5809.6,0,0,0,0,0,0,0,0,16058,0,0,0,0,0,0,60850,0,0,0,76360,0,84040,0,0,0,0,0,1.5047e+05,0,0,0,0,0,0,0,1.0641e+05,0,0,0,0,89234,0,0,25864
0,0,0,36954,0,0,6701.6,0,0,0,0,0,822.44,14072,0,0,0,1029.1,0,0,0,0,0,0,0,1033.5,0,65602,0,0,0,18864,0,0,10918,0,0,0,0,0,0,0,0,0,0,0,0,0,0,0,0,0,0,0,16899,0,0,0,0,24763,0,0,8586.8,0,0,0,0,3075.2,0,0,0,0,0,0,0,0,0,0,0,0,0,0,2.2579e+05,29693,0,19503,0,0,2390.6,0,0,0,0,0,0,0,0,0,0,0,0,0,0,0,0,0,0,0,0,0,0,0,0,0,0,0,20523,0,0,0,25755,0,28345,0,0,0,0,0,50752,0,0,0,0,0,0,170.97,0,0,0,0,30627,0,0,0,0
3529.6,0,0,2.4073e+05,0,0,43656,2.6817e+05,0,0,0,0,5357.6,91667,0,0,0,0,0,0,65114,0,0,0,0,0,6169,4.2735e+05,0,25395,0,1.2289e+05,0,0,71124,0,9993,0,0,2.3839e+05,0,0,3104.1,13767,2104.5,0,0,30238,45009,0,0,0,0,0,1.1009e+05,0,0,2460.5,0,1.6131e+05,0,0,0,0,0,0,4778.1,20033,0,24926,3276.4,24230,2.2293e+05,10407,0,0,13453,0,67013,1.3906e+05,12685,0,1.4709e+06,1.9343e+05,0,1.2705e+05,0,0,0,0,2104.5,0,5384,46819,0,0,0,8475.8,90106,0,0,0,0,0,0,0,0,0,17949,35281,0,0,0,0,0,0,1.337e+05,0,5403,0,1.6777e+05,0,1.8465e+05,0,8663.4,0,0,2337.2,3.3061e+05,0,2020.6,11305,11808,0,0,0,2.338e+05,0,0,0,0,1.9606e+05,0,0,0
2953.6,0,0,2.0144e+05,0,0,36532,2.2441e+05,0,0,0,0,0,76707,0,0,0,5609.9,0,0,0,13016,0,0,0,0,0,3.5761e+05,0,0,0,1.0283e+05,0,0,59517,0,0,0,0,1.9949e+05,0,0,0,0,0,20353,0,25304,37664,0,5824.2,0,0,0,92121,0,0,0,0,1.3499e+05,1.0482e+05,0,0,0,0,0,0,16764,0,20858,0,20276,1.8655e+05,0,0,0,0,0,56077,1.1637e+05,0,0,1.2308e+06,1.6186e+05,5869.9,1.0632e+05,52575,8285.5,0,0,0,0,0,39179,0,0,0,7092.6,75401,0,0,0,0,0,0,0,5064.1,0,15020,0,0,0,0,0,0,4138.1,0,0,0,0,1.4039e+05,0,1.5451e+05,0,0,0,0,0,2.7666e+05,15177,0,0,0,0,0,0,1.9565e+05,0,3292,0,1.6695e+05,1.6406e+05,0,9279.2,0
0,0,0,0,0,0,7796.6,0,0,0,0,0,0,16371,0,0,0,0,0,0,0,0,0,0,0,0,0,76321,0,0,0,21947,0,0,0,0,0,0,0,42574,0,0,0,0,0,0,0,0,0,0,0,0,587.23,0,0,0,0,0,0,28809,22370,0,0,0,0,0,0,3577.6,0,0,0,0,0,0,0,0,0,0,0,0,0,0,2.6268e+05,0,0,22690,0,0,0,494.96,0,0,0,0,0,0,0,0,16092,0,0,0,0,0,0,0,0,0,0,6300.9,2528.1,0,0,0,0,0,0,0,0,0,0,0,32976,0,0,0,0,0,59044,0,0,0,0,0,0,0,41755,0,0,0,0,0,0,0,0
0,0,0,0,0,0,0,0,0,0,0,0,0,0,0,0,0,0,0,0,0,0,0,0,0,0,0,0,0,0,0,0,0,0,0,0,0,0,0,0,0,0,0,0,0,0,0,0,0,0,0,0,0,0,0,0,0,0,0,0,0,0,0,0,0,0,0,0,0,0,0,0,0,0,0,0,0,0,0,0,0,0,0,0,0,0,0,0,0,0,0,0,0,0,0,0,0,0,0,0,0,0,0,0,0,0,0,0,0,0,0,0,0,0,0,0,0,0,0,0,0,0,0,0,0,0,0,0,0,0,0,0,0,0,0,0,0,0,0,0,0,0,0,0,0
0,0,0,1.0266e+05,0,0,18617,1.1436e+05,0,0,0,0,0,39091,2306.4,0,0,0,0,0,0,6633.4,0,0,1911.6,0,0,1.8224e+05,0,10830,0,52406,3719.2,0,0,0,4261.5,0,0,1.0166e+05,1984,0,0,5871,0,10372,0,0,19194,0,0,0,0,0,46946,0,0,0,0,68791,53416,0,23854,0,0,6964.8,0,0,5438.2,10630,0,0,0,0,0,0,0,0,0,59304,0,0,6.2726e+05,82488,0,54180,26793,0,0,0,0,0,0,19966,0,0,0,0,0,4959.1,0,0,0,0,0,0,0,0,0,0,0,8451.6,0,0,0,2108.8,57015,0,0,0,71547,0,0,0,0,0,0,0,1.4099e+05,0,0,0,0,0,0,0,99706,0,0,0,85083,83609,0,0,24234
0,0,0,6.5241e+05,0,0,1.1831e+05,7.2677e+05,0,0,4340.9,0,14520,2.4843e+05,14658,0,0,0,0,0,0,42156,0,0,12148,18246,0,1.1582e+06,0,68824,0,3.3304e+05,0,0,0,0,27082,41062,0,6.4606e+05,0,0,0,37310,5703.3,65916,0,0,1.2198e+05,0,18863,13529,0,0,0,0,0,0,0,4.3717e+05,3.3946e+05,33202,1.516e+05,0,0,44262,12949,54291,0,67552,0,65667,6.0416e+05,28203,0,0,36459,0,1.8161e+05,3.7688e+05,34378,0,3.9863e+06,5.2421e+05,19010,3.4432e+05,1.7027e+05,26834,0,0,0,12487,14591,1.2689e+05,0,19940,22355,0,2.442e+05,31515,0,10695,54517,10476,18672,0,16401,0,48645,0,38365,53710,0,0,0,0,3.6233e+05,0,0,0,4.5469e+05,20920,5.0042e+05,0,0,0,0,0,8.96e+05,49151,0,0,32001,0,0,0,6.3364e+05,0,10662,0,5.407e+05,5.3134e+05,0,30052,1.5401e+05
0,0,0,0,0,0,15105,92785,0,969.87,0,0,0,31716,0,1424.3,0,0,0,0,22529,0,0,0,0,0,0,1.4786e+05,0,0,0,42518,0,0,24608,0,0,0,0,82481,0,0,0,0,0,0,0,0,0,0,0,0,0,0,38089,0,0,0,0,55813,0,0,0,0,0,0,0,0,0,0,0,0,77132,0,0,0,4654.6,0,23186,0,0,0,5.0891e+05,0,0,0,21738,0,0,0,0,0,0,0,0,0,0,0,31176,0,0,0,6960,0,0,0,0,0,0,0,0,0,0,0,0,0,0,0,0,0,58049,0,0,0,0,0,0,0,1.1439e+05,6275,0,0,4085.5,0,0,0,80895,0,0,0,69030,0,0,0,0
0,0,0,3.8959e+05,5773.5,0,70651,4.3399e+05,0,0,0,0,0,1.4835e+05,0,0,0,0,14312,0,0,25173,0,0,0,10896,0,6.9161e+05,0,41098,0,1.9888e+05,0,0,1.151e+05,0,0,24520,0,3.858e+05,0,0,5023.5,0,0,39362,0,0,72841,0,11264,0,0,0,1.7816e+05,0,0,0,0,2.6106e+05,2.0271e+05,19827,90526,8012.4,0,0,7732.7,32420,0,40339,0,39213,3.6078e+05,16842,0,0,0,0,0,2.2505e+05,20529,0,2.3804e+06,3.1304e+05,0,2.0561e+05,1.0168e+05,0,0,0,0,0,8713.2,0,0,0,13349,13717,1.4582e+05,18819,20658,0,32555,0,0,0,0,0,29049,57098,0,0,0,0,3745.8,0,2.1637e+05,0,8744,0,0,0,2.9883e+05,0,0,0,0,0,5.3505e+05,29351,0,0,0,0,0,0,3.7838e+05,2302.5,6366.7,0,3.2288e+05,3.1729e+05,0,0,0
0,0,0,0,0,0,0,58919,0,0,0,0,0,20140,0,0,0,0,0,0,0,0,0,0,0,0,0,0,0,5579.5,0,26999,0,0,15626,0,0,0,0,52375,0,0,0,0,0,0,0,0,0,0,0,0,722.43,0,24187,0,0,0,0,35441,0,0,12290,0,0,0,1049.8,0,0,0,0,5323.5,48979,0,0,0,2955.7,0,14723,0,0,0,3.2316e+05,42498,0,27914,13804,0,0,0,0,0,0,0,0,0,0,0,0,0,2804.5,0,0,0,0,0,0,0,0,0,0,0,0,0,0,0,0,0,0,0,36861,0,0,0,1903.4,0,0,0,72638,3984.7,0,0,0,0,0,0,51368,0,864.34,0,43834,43075,0,0,12485
0,0,0,39533,0,0,7169.3,44039,0,0,0,0,0,0,0,676.05,0,0,0,0,0,0,0,0,0,0,0,70180,0,0,0,20181,0,0,11680,0,0,0,0,0,0,0,0,2260.8,0,0,0,0,0,0,0,0,0,0,18078,0,0,0,1155.2,26491,0,0,9186,0,0,0,0,0,0,0,0,0,36609,0,0,0,0,0,0,22837,0,0,2.4155e+05,0,0,20864,10318,0,0,0,0,0,0,0,0,0,1354.6,0,0,0,2096.2,0,0,0,0,0,0,0,0,0,0,0,0,0,0,0,21956,0,0,0,0,0,0,0,0,0,0,0,54294,0,0,0,0,0,0,0,38395,0,0,0,32764,32197,0,0,9332.2
0,0,0,89737,0,0,16274,99966,0,0,0,0,0,34171,0,0,0,2499,0,0,24273,0,0,0,0,0,0,1.593e+05,0,0,0,45809,3251.1,0,26513,0,0,0,0,88864,1734.3,0,0,0,0,0,3147.1,0,16778,0,0,0,0,1298.9,41037,0,0,0,0,0,0,4566.9,0,0,0,0,0,7467.7,4753.7,9291.6,0,0,83101,0,0,0,0,0,24981,51839,0,0,5.483e+05,0,0,47360,23420,0,5805.2,0,0,0,0,17453,0,2742.7,3074.9,0,33589,0,0,0,0,0,0,0,0,0,0,13152,5277,0,0,0,0,0,49838,0,0,0,62541,0,68831,0,0,0,0,0,1.2324e+05,0,0,0,0,1077.2,0,0,87156,0,0,0,74373,0,0,0,21184
0,0,0,0,0,0,0,0,0,0,0,0,0,0,0,0,0,0,0,0,9300.6,0,0,0,0,0,0,61041,0,3627.3,0,0,0,0,10159,0,0,2164.2,0,34050,0,0,0,1966.4,0,0,0,4319.1,0,0,0,0,0,497.68,0,0,0,0,0,23041,0,0,0,0,0,0,0,0,0,3560.3,0,0,0,0,0,0,0,0,0,0,0,0,2.1009e+05,27629,0,0,0,0,0,0,0,0,0,0,0,0,0,0,12870,0,0,0,0,0,0,0,0,0,0,0,0,2830.8,0,0,0,0,19097,0,0,0,23964,0,26374,0,0,0,0,0,47224,0,0,0,0,0,0,0,0,0,0,0,0,28004,0,0,0
0,0,0,2.0358e+06,0,46236,3.6918e+05,2.2678e+06,0,0,0,0,0,7.7519e+05,45737,0,0,56692,74784,0,5.5064e+05,1.3154e+05,0,0,37907,56936,0,3.6139e+06,26075,2.1476e+05,9265.6,1.0392e+06,73753,0,6.0147e+05,0,84507,1.2813e+05,0,2.0159e+06,0,0,0,1.1642e+05,17797,0,71393,2.5571e+05,3.8062e+05,0,58858,42217,27807,29465,9.3095e+05,28308,0,0,59486,1.3641e+06,1.0593e+06,1.036e+05,4.7303e+05,41868,0,1.3811e+05,0,1.6941e+05,1.0784e+05,2.1079e+05,27707,2.049e+05,1.8852e+06,88004,0,8630.8,1.1377e+05,0,5.667e+05,1.176e+06,1.0727e+05,0,1.2439e+07,1.6357e+06,59320,1.0744e+06,5.3131e+05,83731,1.3169e+05,23437,0,38964,45530,3.9593e+05,14404,62219,69756,71676,7.6199e+05,98339,1.0794e+05,0,1.7011e+05,32688,58265,17041,0,22556,1.5179e+05,2.9836e+05,1.1971e+05,1.676e+05,0,0,0,0,0,12086,45691,28046,1.4188e+06,0,1.5615e+06,0,73263,0,0,19765,2.7959e+06,1.5337e+05,0,95604,0,24436,10379,0,1.9772e+06,0,0,0,1.6872e+06,1.658e+06,12017,93774,4.8056e+05
0,0,0,0,0,0,0,0,0,0,0,0,0,0,0,0,0,0,0,0,0,0,0,0,0,0,0,0,0,0,0,0,0,0,0,0,0,0,0,0,0,0,0,0,0,0,0,0,0,0,0,0,0,0,0,0,0,0,0,0,0,0,0,0,0,0,0,0,0,0,0,0,0,0,0,0,0,0,0,0,0,0,0,0,0,0,0,0,0,0,0,0,0,0,0,0,0,0,0,0,0,0,0,0,0,0,0,0,0,0,0,0,0,0,0,0,0,0,0,0,0,0,0,0,0,0,0,0,0,0,0,0,0,0,0,0,0,0,0,0,0,0,0,0,0
0,0,0,21575,0,0,0,0,0,0,0,0,0,8215.5,0,0,0,0,0,0,5835.7,0,0,0,0,0,0,38301,0,0,0,11014,0,0,0,0,0,0,0,0,0,0,0,0,0,0,0,0,0,0,0,0,0,0,0,0,0,0,0,0,0,0,5013.3,0,0,0,0,0,0,2233.9,0,0,19980,0,0,0,0,0,0,0,0,0,1.3183e+05,17336,0,0,0,0,0,0,0,0,0,0,0,0,0,0,0,0,0,0,0,0,0,0,0,0,0,0,0,0,0,0,0,0,0,0,0,0,0,0,16549,0,0,0,0,0,0,0,0,0,0,0,0,0,0,0,0,0,0,17572,0,0,0
0,0,0,0,0,0,0,32142,0,0,0,0,0,0,0,0,0,0,0,0,0,1864.3,0,0,0,0,0,0,0,0,0,14729,0,0,0,0,0,0,0,0,0,0,0,0,0,0,0,3624.2,0,0,0,0,0,0,13195,0,0,0,0,19334,0,0,0,0,0,0,0,0,0,2987.5,0,0,0,0,0,0,0,0,0,0,0,0,1.7629e+05,0,0,0,0,0,0,0,0,0,0,0,0,0,0,0,0,0,0,0,0,0,0,0,0,0,0,0,0,0,0,0,0,0,0,0,0,0,0,0,22131,0,0,0,0,0,39626,0,0,0,0,0,0,0,0,0,0,0,23913,23499,0,0,0
0,0,13718,3.3435e+06,0,0,6.0635e+05,3.7247e+06,0,38934,22247,29499,74413,1.2732e+06,75119,57178,0,93112,0,24223,9.0438e+05,2.1604e+05,49304,0,0,93512,85682,5.9356e+06,42826,3.5272e+05,0,1.7068e+06,1.2113e+05,0,9.8785e+05,0,0,2.1044e+05,0,3.311e+06,0,22664,43113,1.9121e+05,29229,3.3782e+05,1.1726e+05,4.1998e+05,6.2514e+05,4799.4,96669,69337,45670,0,1.529e+06,46493,44773,0,97700,2.2405e+06,1.7397e+06,1.7016e+05,7.7692e+05,68765,0,2.2684e+05,0,2.7824e+05,0,3.462e+05,45507,3.3654e+05,3.0963e+06,0,0,0,1.8685e+05,36941,9.3075e+05,1.9315e+06,1.7619e+05,0,2.0429e+07,2.6866e+06,97427,1.7646e+06,8.7262e+05,1.3752e+05,0,38494,0,63994,74779,6.5028e+05,23657,1.0219e+05,1.1457e+05,0,1.2515e+06,1.6151e+05,1.7729e+05,54811,2.794e+05,53687,95695,27988,84052,0,2.493e+05,4.9003e+05,1.9662e+05,0,0,21524,0,0,1.8569e+06,19850,75044,0,0,1.0721e+05,2.5646e+06,56536,1.2033e+05,0,0,0,4.592e+06,0,0,1.5702e+05,1.6401e+05,40135,17047,0,3.2473e+06,19761,54641,0,2.7711e+06,2.7231e+06,19736,1.5401e+05,7.8928e+05
0,0,0,0,0,0,0,44529,0,0,0,0,889.62,0,0,0,0,0,0,0,0,0,0,0,0,0,0,70961,0,0,0,20405,0,0,0,0,0,2515.9,0,39584,0,0,0,0,0,0,0,5021,0,0,0,0,0,0,18280,0,0,0,0,26785,20799,0,0,0,0,0,0,0,0,0,0,0,37017,0,0,0,0,0,0,23091,0,0,2.4424e+05,32118,0,0,10432,0,0,0,0,0,0,0,0,0,0,0,0,1930.9,0,0,3340.2,0,0,0,0,0,0,0,2350.6,0,0,0,0,0,0,0,0,0,0,0,30660,0,0,0,0,0,54898,0,0,0,0,0,0,0,38823,0,0,0,0,32555,0,0,0
0,0,0,4.6953e+06,0,0,8.5149e+05,5.2305e+06,0,54674,31241,0,1.045e+05,1.7879e+06,1.0549e+05,80294,0,1.3076e+05,1.7248e+05,34016,1.27e+06,3.0339e+05,0,0,0,1.3132e+05,1.2032e+05,8.3352e+06,60140,4.9532e+05,21370,2.3969e+06,1.701e+05,73357,1.3872e+06,0,0,2.9552e+05,0,4.6496e+06,90742,0,0,2.6852e+05,41046,4.7439e+05,1.6466e+05,5.8978e+05,8.7788e+05,0,1.3575e+05,97369,64133,67959,2.1472e+06,65289,62874,0,1.372e+05,3.1463e+06,2.4431e+06,2.3895e+05,1.091e+06,96566,0,3.1855e+05,93194,3.9073e+05,2.4872e+05,4.8616e+05,63905,4.7259e+05,4.3481e+06,2.0297e+05,0,19906,2.6239e+05,51876,1.307e+06,2.7123e+06,0,0,2.8689e+07,3.7727e+06,1.3682e+05,2.478e+06,1.2254e+06,1.9312e+05,3.0374e+05,54056,0,89866,1.0501e+05,9.1318e+05,0,1.435e+05,1.6089e+05,1.6532e+05,1.7575e+06,2.2681e+05,2.4897e+05,76971,0,75392,1.3438e+05,39303,1.1803e+05,0,3.5009e+05,6.8814e+05,2.7611e+05,3.8655e+05,43882,30226,0,96450,2.6077e+06,27876,1.0538e+05,64686,3.2723e+06,1.5056e+05,0,79392,1.6897e+05,0,0,45586,6.4484e+06,3.5374e+05,39412,2.205e+05,0,0,0,21723,4.5602e+06,0,0,22815,3.8914e+06,3.824e+06,27715,2.1628e+05,1.1084e+06
0,0,0,0,0,0,0,37388,0,0,0,0,0,0,0,0,0,0,0,0,0,0,0,0,0,0,0,59581,0,0,0,0,0,0,9916.1,0,0,0,0,33236,0,0,0,0,0,0,1177,0,0,0,0,0,0,0,0,0,0,0,0,22490,0,0,7798.7,0,0,2277,0,0,0,0,0,0,31081,0,0,0,0,0,0,19388,0,0,2.0507e+05,26968,0,0,0,0,0,0,0,0,0,6527.6,0,0,0,0,12563,0,0,0,0,0,0,0,0,0,0,0,0,0,0,0,0,0,18640,0,0,0,23391,0,25744,0,0,0,0,0,46094,0,0,0,0,0,0,0,32597,0,0,0,27816,27335,0,1546,0
0,0,0,80931,0,0,14677,90156,0,0,0,0,0,30817,0,0,0,0,0,0,21891,5229.4,0,0,0,0,0,1.4367e+05,0,0,0,41314,2932,0,23911,0,0,0,0,80144,0,0,0,4628.4,0,0,0,0,15132,0,0,0,0,0,37010,0,0,0,0,54231,42110,0,0,0,0,5490.7,0,0,4287.2,0,0,0,0,3498.6,0,0,4522.8,0,22529,0,0,0,4.945e+05,65029,0,0,21122,3328.7,0,0,0,0,0,0,0,0,0,0,30293,0,0,0,0,0,0,0,0,0,0,0,4759.1,0,0,0,0,0,44947,0,1816.4,0,0,0,0,0,0,0,0,0,1.1115e+05,6097.2,0,0,0,0,0,0,78603,0,0,0,67074,65913,0,0,19105
0,0,0,3.1527e+05,0,0,57174,3.5121e+05,0,0,0,0,0,1.2005e+05,0,5391.4,0,0,0,0,85276,0,0,0,0,0,8079.2,5.5968e+05,0,0,0,1.6094e+05,0,4925.7,93147,0,13087,0,0,3.122e+05,0,0,0,18030,0,0,0,0,58946,0,9115.2,0,0,4563.2,1.4417e+05,0,0,0,0,2.1126e+05,1.6404e+05,16045,73258,0,0,0,0,0,0,32644,0,31733,2.9196e+05,0,0,1336.6,17619,0,0,1.8212e+05,16613,0,1.9263e+06,2.5332e+05,0,0,0,12967,20395,0,0,0,0,61317,0,9635.7,0,0,0,0,16717,0,26345,0,9023.3,0,7925.5,0,23507,46206,18539,0,0,0,0,6476.3,1.7509e+05,0,7076,0,2.1972e+05,0,2.4182e+05,0,0,0,0,0,4.3299e+05,23752,0,0,0,3784.4,0,0,3.062e+05,0,0,0,2.6129e+05,2.5677e+05,0,0,0
0,0,0,0,0,0,3450.9,0,0,0,0,0,0,0,0,0,0,0,0,0,0,0,0,0,0,0,0,0,0,0,0,0,0,0,0,0,0,0,0,0,0,0,0,0,0,1922.6,0,2390.3,0,0,0,0,0,0,0,0,0,0,0,12751,0,0,0,0,0,0,0,0,0,0,0,0,0,0,0,0,0,0,0,0,0,0,1.1627e+05,0,0,0,0,0,0,0,0,0,0,0,0,0,0,0,0,0,0,0,0,0,0,0,0,0,1418.9,0,0,0,0,0,0,0,0,0,0,0,0,0,0,0,0,0,0,184.75,0,0,0,0,0,0,0,0,18482,0,0,0,0,15498,0,0,0
0,0,0,1.5266e+05,0,0,0,1.7006e+05,0,0,0,0,0,58131,0,0,0,0,0,0,41293,0,0,0,0,0,3912.1,2.7101e+05,1955.4,16105,0,77931,0,0,45104,0,0,0,0,1.5118e+05,0,0,0,8730.5,0,0,0,0,0,0,0,0,0,2209.6,69812,0,2044.3,0,0,1.023e+05,79433,7769.3,0,0,0,10357,0,0,8087,15807,0,0,1.4137e+05,0,0,0,8531.4,0,42497,88188,8044.4,0,9.3277e+05,1.2266e+05,0,80570,39843,0,0,0,0,0,0,0,0,0,5231,5375,0,0,8094.8,0,12757,0,0,0,0,0,0,0,8977.2,0,0,0,0,3136,84785,0,0,0,1.064e+05,0,1.171e+05,2581.3,5494,0,0,0,2.0966e+05,0,0,0,7488.3,0,0,0,0,0,0,0,1.2652e+05,1.2433e+05,0,0,36038
1.2393e+05,0,0,8.4523e+06,0,0,1.5328e+06,9.4157e+06,1.1466e+05,98422,56239,74572,1.8811e+05,3.2185e+06,1.899e+05,1.4454e+05,0,2.3538e+05,3.105e+05,61233,2.2862e+06,5.4615e+05,1.2464e+05,0,1.5739e+05,2.3639e+05,2.166e+05,1.5005e+07,1.0826e+05,8.9165e+05,38470,4.3147e+06,3.0622e+05,1.3205e+05,2.4972e+06,55031,3.5086e+05,5.3198e+05,0,8.37e+06,1.6335e+05,0,0,4.8338e+05,73890,8.5398e+05,2.9642e+05,1.0617e+06,1.5803e+06,12133,2.4437e+05,1.7528e+05,1.1545e+05,1.2234e+05,3.8652e+06,1.1753e+05,0,0,2.4698e+05,5.6638e+06,4.3979e+06,4.3015e+05,1.964e+06,1.7383e+05,75705,5.7343e+05,1.6776e+05,7.0337e+05,4.4774e+05,8.7517e+05,0,8.5074e+05,7.8272e+06,3.6538e+05,57297,35834,4.7235e+05,93384,2.3529e+06,4.8826e+06,4.4539e+05,0,5.1644e+07,6.7915e+06,2.4629e+05,4.4608e+06,2.2059e+06,3.4764e+05,5.4678e+05,0,0,1.6177e+05,1.8904e+05,1.6439e+06,59804,2.5833e+05,2.8962e+05,2.9759e+05,3.1637e+06,4.083e+05,4.4818e+05,1.3856e+05,7.0629e+05,1.3572e+05,2.4191e+05,0,2.1248e+05,0,6.3022e+05,1.2388e+06,4.9703e+05,6.9584e+05,0,54412,0,1.7363e+05,4.6942e+06,50180,0,0,5.8907e+06,2.7102e+05,6.4832e+06,1.4292e+05,3.0418e+05,1.1926e+05,74113,82063,0,6.3678e+05,70947,3.9694e+05,0,1.0146e+05,43094,0,8.2091e+06,49954,1.3813e+05,0,7.0051e+06,6.8838e+06,49892,3.8934e+05,1.9953e+06
0,0,0,4.269e+05,0,9695.8,77418,4.7556e+05,0,0,0,0,0,1.6256e+05,0,0,0,0,15682,0,1.1547e+05,27584,0,0,0,0,0,7.5785e+05,0,45035,0,2.1792e+05,15466,0,1.2613e+05,0,0,26869,0,4.2275e+05,8250.4,2893.7,0,0,0,43132,0,53623,79818,0,0,0,0,0,1.9522e+05,0,0,0,0,2.8606e+05,2.2213e+05,0,99196,0,3823.7,0,0,35525,22614,44202,0,42969,3.9533e+05,18455,0,0,23857,0,1.1884e+05,2.4661e+05,0,0,2.6084e+06,3.4302e+05,0,2.253e+05,1.1142e+05,0,27616,0,0,8170.7,0,83028,0,0,0,15031,0,0,0,0,35673,0,0,0,10732,0,0,62567,25104,35145,0,0,0,0,2.3709e+05,0,0,0,2.9752e+05,13689,3.2745e+05,0,0,0,3743.3,0,5.863e+05,0,0,0,20940,0,0,0,4.1462e+05,0,0,0,0,3.4768e+05,0,19665,1.0078e+05
0,0,0,59801,0,0,0,0,0,0,0,0,0,0,0,0,0,0,0,0,0,0,0,0,0,0,0,1.0616e+05,0,0,0,30527,0,0,0,0,0,0,0,59220,0,0,0,0,0,0,0,0,0,0,0,0,0,0,27347,0,0,0,0,40072,0,0,13896,0,0,0,0,4976.5,0,0,0,0,55379,0,0,0,0,0,0,34546,0,0,3.6539e+05,48051,0,31561,0,0,0,0,0,0,1337.5,0,0,0,0,0,0,0,0,0,4997.2,0,0,0,0,0,0,0,0,0,0,0,0,0,0,0,0,0,0,0,45870,0,0,0,0,0,82130,0,0,0,0,717.83,0,0,58081,0,0,0,49562,48704,0,0,0
0,0,0,4.6918e+05,0,0,85085,5.2266e+05,0,0,0,0,10442,0,10541,0,0,0,17235,0,1.2691e+05,30316,0,0,8736.4,13122,0,8.329e+05,0,49495,0,2.395e+05,16998,7330.2,1.3862e+05,0,0,29530,0,4.6461e+05,0,0,0,26832,0,47403,0,58933,87722,0,0,0,0,0,2.1456e+05,0,0,0,13710,3.1439e+05,2.4412e+05,23877,1.0902e+05,0,0,31831,9312.4,39043,0,48580,0,47224,4.3448e+05,0,0,0,26220,0,1.3061e+05,2.7103e+05,24723,0,2.8667e+06,3.7699e+05,0,2.4762e+05,1.2245e+05,0,30351,0,0,0,0,91250,0,0,0,0,1.7561e+05,0,24878,7691.3,0,0,13428,0,11794,0,34983,0,27590,38625,0,0,0,9637.8,2.6057e+05,0,10530,0,3.2699e+05,15044,3.5987e+05,0,16885,0,4113.9,4555.2,6.4436e+05,0,0,0,0,0,0,0,4.5568e+05,0,7667.4,0,3.8885e+05,3.8211e+05,0,21612,1.1075e+05
0,0,0,1.3849e+05,0,0,25114,1.5427e+05,0,0,0,0,0,0,0,0,0,0,0,0,0,0,0,0,0,0,0,2.4584e+05,0,0,0,0,0,0,40916,0,0,0,0,1.3714e+05,2676.4,0,0,0,0,13992,0,0,25893,0,0,2871.9,0,0,63330,0,0,0,0,92798,72057,0,32179,0,0,0,2748.7,0,0,14339,0,13939,0,0,0,0,7739.1,0,0,79999,0,0,8.4616e+05,0,0,73088,0,5695.9,0,0,0,0,3097.2,0,0,0,0,0,51835,6689.7,0,0,0,0,0,0,0,0,0,20296,8143.6,11401,0,891.5,0,0,76912,0,0,0,96515,0,1.0622e+05,0,0,0,0,0,1.9019e+05,0,0,0,0,0,0,0,1.345e+05,818.47,0,0,1.1477e+05,1.1279e+05,0,0,0
0,0,0,27488,0,0,0,30622,0,0,0,0,0,0,0,0,0,0,0,0,0,0,0,0,0,0,0,48798,0,2899.8,0,14032,0,0,8121.4,0,0,0,0,0,0,0,0,0,0,0,0,0,0,0,0,0,0,0,12570,0,0,0,0,18420,14303,0,0,0,0,0,0,0,0,0,0,0,25456,0,0,0,0,0,0,0,0,0,1.6796e+05,0,0,0,0,0,0,0,0,0,0,0,0,0,0,967.83,10289,0,0,0,0,0,0,0,0,0,0,0,0,0,0,0,0,0,0,0,0,0,19158,0,0,0,0,0,0,0,0,0,0,0,0,0,0,0,26697,0,0,0,0,22387,0,1266.2,0
0,0,0,0,0,0,0,37223,0,0,0,0,0,0,0,0,0,0,0,0,0,0,0,0,0,0,0,0,0,0,0,0,0,0,0,0,0,0,0,33089,0,0,0,0,0,0,1171.8,0,0,0,0,0,0,0,0,0,0,0,0,0,0,0,0,0,0,0,0,0,0,0,0,0,30943,0,0,0,0,0,0,0,0,0,0,0,0,0,8720.6,0,0,0,0,0,0,0,0,0,0,0,0,0,0,0,0,0,0,0,0,0,0,0,0,0,0,0,0,0,0,0,0,0,0,0,0,0,0,0,0,0,0,0,0,0,0,0,0,0,0,0,0,0,27693,0,0,0,7887.8
0,0,0,0,0,0,0,0,0,0,0,0,0,0,0,0,0,0,0,0,4646.3,0,0,0,0,0,0,30494,0,0,0,8768.8,0,0,0,0,0,0,0,0,0,0,0,0,0,0,0,0,0,0,0,0,0,0,0,0,0,0,0,0,8937.9,0,0,0,0,0,0,0,0,0,0,0,0,0,0,0,0,0,0,0,0,0,1.0496e+05,0,0,0,0,0,0,0,0,0,0,3340.8,0,0,0,0,0,0,0,0,0,0,0,0,0,0,0,0,0,0,0,0,0,0,0,0,0,0,11972,0,13176,0,0,0,0,0,0,0,0,0,0,0,0,0,0,0,0,0,0,0,0,0,0
0,0,0,3.0671e+05,0,0,55622,3.4167e+05,0,0,0,0,0,1.1679e+05,6890.8,0,0,0,11267,0,82961,19818,0,0,0,0,0,5.4448e+05,0,0,1396,1.5657e+05,0,4791.9,90618,0,12732,19304,0,0,0,0,0,17540,0,30989,0,0,57346,0,0,6360.5,4189.4,0,1.4026e+05,0,0,0,0,2.0552e+05,1.5959e+05,15609,71269,0,0,20808,0,25523,0,31758,0,30871,2.8403e+05,13259,0,0,17140,3388.7,85380,1.7718e+05,0,0,1.874e+06,2.4644e+05,0,1.6187e+05,80048,0,19841,0,0,5870.3,0,59652,0,9374.1,0,0,1.148e+05,14816,0,0,25630,0,0,0,0,0,0,44951,18036,0,0,0,0,6300.4,1.7034e+05,0,0,0,0,0,2.3526e+05,0,11038,0,0,0,4.2123e+05,0,0,14404,0,0,0,0,0,0,0,0,2.542e+05,2.498e+05,0,0,72403
0,0,0,15922,0,0,0,17737,0,0,0,0,0,0,0,0,0,0,0,0,0,1028.8,0,0,0,0,0,28265,0,0,0,0,0,0,0,0,0,0,0,0,0,0,0,0,0,0,0,0,0,0,0,330.18,0,0,0,0,0,0,0,0,0,0,0,0,0,0,0,0,0,0,0,0,0,0,0,0,0,0,4432.2,0,0,0,97283,12793,0,0,0,0,0,0,0,0,0,0,0,0,0,0,0,0,0,0,0,0,0,0,0,0,0,2333.5,936.27,0,0,0,0,0,0,0,0,0,0,0,0,0,0,0,0,0,21867,0,0,0,0,0,0,0,15464,0,0,0,13196,0,0,0,0
0,0,0,3.4875e+05,0,0,63246,3.8851e+05,4730.9,0,0,0,0,1.328e+05,0,5964,0,9712.2,0,0,94332,0,0,0,0,0,0,6.1912e+05,0,36791,0,1.7803e+05,12635,0,1.0304e+05,0,0,0,0,3.4536e+05,0,0,4497,19945,0,0,12231,43807,65206,0,10083,7232.3,0,0,1.5949e+05,0,0,0,10191,2.337e+05,1.8146e+05,17749,81038,0,0,0,0,29022,0,36111,0,35103,3.2296e+05,0,0,0,0,0,0,2.0146e+05,18377,0,2.1309e+06,2.8023e+05,0,1.8406e+05,91020,0,22561,0,0,0,0,67829,0,10659,11950,0,1.3054e+05,16847,18492,0,0,0,0,0,8767.2,0,26004,0,0,0,0,0,0,0,1.9369e+05,0,0,0,2.4306e+05,11183,2.675e+05,0,12551,0,0,0,4.7897e+05,0,0,16378,0,0,0,0,3.3872e+05,0,0,0,2.8904e+05,2.8404e+05,0,16065,82327
0,0,0,0,0,0,0,0,0,0,0,0,0,0,0,0,0,0,0,0,0,0,0,0,0,0,0,0,0,0,0,0,0,0,0,0,0,0,0,0,0,0,0,0,0,0,0,0,0,0,0,0,0,0,0,0,0,0,0,0,0,0,0,0,0,0,0,0,0,0,0,0,0,0,0,0,0,0,0,0,0,0,0,0,0,0,0,0,0,0,0,0,0,0,0,0,0,0,0,0,0,0,0,0,0,0,0,0,0,0,0,0,0,0,0,0,0,0,0,0,0,0,0,0,0,0,0,0,47821,0,0,0,0,0,0,0,0,0,0,0,0,0,0,0,0
24321,0,6805.7,1.6588e+06,24582,37674,3.0082e+05,1.8479e+06,0,19316,0,0,0,6.3164e+05,37268,28367,0,46194,60936,12017,4.4868e+05,1.0718e+05,24460,0,30888,46393,0,2.9447e+06,21247,1.7499e+05,0,8.4678e+05,0,25916,4.9009e+05,0,68858,1.044e+05,0,1.6426e+06,32058,0,0,94864,0,1.676e+05,58173,2.0836e+05,3.1014e+05,0,47959,34399,0,0,7.5857e+05,0,0,0,48471,1.1115e+06,8.631e+05,84419,0,34115,0,1.1254e+05,32924,1.3804e+05,87871,1.7175e+05,22577,1.6696e+05,1.5361e+06,71708,11245,0,0,0,4.6176e+05,9.5823e+05,87409,0,1.0135e+07,1.3328e+06,0,8.7545e+05,4.3292e+05,0,1.0731e+05,0,14502,31749,37099,3.2261e+05,0,50698,56839,0,6.2089e+05,80129,87956,27193,1.3861e+05,26635,47476,0,41700,0,1.2368e+05,2.4311e+05,97544,1.3656e+05,0,10678,0,34075,0,0,0,0,1.1561e+06,53189,1.2723e+06,0,59696,0,0,16105,2.2781e+06,1.2497e+05,13924,77900,0,0,0,0,1.6111e+06,9803.6,27108,0,0,1.351e+06,0,76409,3.9157e+05
55454,0,0,3.7821e+06,0,0,6.8588e+05,4.2132e+06,51304,44040,0,33368,84172,1.4402e+06,84971,0,0,1.0532e+05,1.3894e+05,27400,1.023e+06,2.4438e+05,55770,0,70425,0,96920,6.714e+06,48443,3.9898e+05,17214,1.9307e+06,1.3702e+05,0,1.1174e+06,0,1.57e+05,2.3804e+05,0,3.7453e+06,73093,0,0,2.1629e+05,33063,0,1.3264e+05,4.7507e+05,7.0713e+05,0,1.0935e+05,78431,0,0,1.7295e+06,0,0,0,1.1051e+05,2.5343e+06,1.9679e+06,1.9248e+05,8.7882e+05,77784,0,2.5659e+05,75068,3.1473e+05,2.0035e+05,3.916e+05,51476,3.8068e+05,3.5024e+06,1.635e+05,25638,16035,2.1136e+05,0,1.0528e+06,2.1848e+06,1.9929e+05,26872,2.3109e+07,3.0389e+06,1.1021e+05,1.996e+06,9.8707e+05,0,2.4466e+05,0,33064,72387,84586,7.3557e+05,0,1.1559e+05,1.2959e+05,1.3316e+05,1.4156e+06,0,2.0054e+05,62000,3.1604e+05,60729,1.0825e+05,31658,95076,0,2.82e+05,5.543e+05,2.224e+05,3.1136e+05,0,24347,36364,77691,2.1005e+06,22454,0,0,2.6359e+06,1.2127e+05,2.901e+06,63951,1.3611e+05,0,0,36720,5.1942e+06,2.8494e+05,31746,1.7761e+05,1.8552e+05,45399,0,0,3.6733e+06,0,0,0,3.1345e+06,0,22325,1.7421e+05,8.928e+05
0,0,0,0,0,0,0,34430,0,0,0,0,0,0,0,0,0,0,0,0,0,1997,0,0,0,0,0,54866,0,0,0,15777,0,0,0,0,0,0,0,30606,0,0,0,0,0,0,0,3882.2,5778.6,0,0,0,0,0,0,0,0,0,0,20710,0,0,7181.6,0,0,0,0,0,0,0,0,0,28621,1336.1,0,0,0,0,0,17854,0,0,1.8884e+05,0,0,16311,0,0,0,0,0,0,0,0,0,0,0,0,0,0,0,0,0,0,0,0,776.95,0,0,4529.7,0,0,0,0,0,0,17165,0,0,0,21540,0,23706,522.6,0,0,0,0,42447,0,0,0,0,0,0,0,0,0,0,0,25615,25171,0,0,0
0,0,0,36719,0,0,0,40904,0,0,0,0,0,13982,0,0,0,0,0,0,0,0,0,0,0,0,0,65184,470.32,0,0,0,0,0,0,0,1524.2,2311.1,0,0,0,0,0,0,0,3709.9,0,0,0,0,0,0,0,0,16792,0,0,0,0,24605,0,0,0,0,0,0,0,0,0,0,0,0,34003,0,0,0,0,0,0,0,0,0,2.2435e+05,29504,0,19379,0,0,2375.4,0,0,0,0,0,0,0,0,0,0,0,0,0,0,0,0,0,0,0,0,0,2159.2,0,0,0,0,0,0,0,0,0,25591,0,28164,0,0,0,0,0,50429,2766.3,0,0,0,0,0,0,35662,0,0,0,30432,29905,0,0,0
0,0,0,9.2858e+05,0,0,1.684e+05,1.0344e+06,0,0,0,0,0,3.5359e+05,0,15879,0,0,0,0,2.5117e+05,60000,0,0,0,0,0,1.6484e+06,11894,97958,0,4.7402e+05,0,14508,2.7435e+05,0,38546,58444,0,9.1954e+05,17946,0,11974,53104,0,93819,32565,1.1664e+05,1.7362e+05,0,26847,0,0,13440,4.2464e+05,0,0,9490.9,27133,6.2223e+05,4.8316e+05,47257,2.1577e+05,19098,0,62998,0,77273,49190,96147,12638,93464,8.5991e+05,40142,0,0,51893,0,2.5849e+05,0,48931,0,5.6737e+06,7.4612e+05,27058,4.9007e+05,2.4235e+05,0,0,0,0,17773,20768,1.806e+05,0,0,0,0,3.4757e+05,44856,49237,0,77594,0,0,0,0,0,69237,1.3609e+05,54605,76446,0,0,0,19075,5.1571e+05,0,0,0,6.4716e+05,0,7.1225e+05,0,0,0,0,9015.5,1.2753e+06,0,7794.3,43608,45548,11146,0,0,9.0186e+05,5488,0,0,7.6959e+05,7.5626e+05,0,42773,0
